,date,covidOccupiedMVBeds,cumAdmissions,hospitalCases,newAdmissions,areaName,dailyCases,cumulativeCases,population
0,2020-04-02,1494.0,26264,12135.0,2932,England,4097,41174,"56,536,419"
1,2020-04-03,1788.0,28828,13635.0,2564,England,4102,45276,"56,536,419"
2,2020-04-04,1950.0,31421,15469.0,2593,England,3405,48681,"56,536,419"
3,2020-04-05,2097.0,34013,16657.0,2592,England,3094,51775,"56,536,419"
4,2020-04-06,2264.0,36692,17154.0,2679,England,4407,56182,"56,536,419"
5,2020-04-07,2472.0,39436,17814.0,2744,England,4605,60787,"56,536,419"
6,2020-04-08,2561.0,42055,18152.0,2619,England,4315,65102,"56,536,419"
7,2020-04-09,2546.0,44395,18423.0,2340,England,4076,69178,"56,536,419"
8,2020-04-10,2820.0,46591,18669.0,2196,England,3590,72768,"56,536,419"
9,2020-04-11,2865.0,48546,18604.0,1955,England,3085,75853,"56,536,419"
10,2020-04-12,2881.0,50337,18974.0,1791,England,2958,78811,"56,536,419"
11,2020-04-13,2872.0,52249,18621.0,1912,England,3463,82274,"56,536,419"
12,2020-04-14,2849.0,54108,18552.0,1859,England,3568,85842,"56,536,419"
13,2020-04-15,2847.0,55716,17934.0,1608,England,4240,90082,"56,536,419"
14,2020-04-16,2838.0,57493,17783.0,1777,England,4360,94442,"56,536,419"
15,2020-04-17,2780.0,59167,16728.0,1674,England,4088,98530,"56,536,419"
16,2020-04-18,2868.0,60578,16850.0,1411,England,4142,102672,"56,536,419"
17,2020-04-19,2820.0,62053,16928.0,1475,England,3494,106166,"56,536,419"
18,2020-04-20,2780.0,63575,16654.0,1522,England,3698,109864,"56,536,419"
19,2020-04-21,2701.0,65070,16517.0,1495,England,3996,113860,"56,536,419"
20,2020-04-22,2646.0,66380,16018.0,1310,England,4812,118672,"56,536,419"
21,2020-04-23,2563.0,67669,15402.0,1289,England,4574,123246,"56,536,419"
22,2020-04-24,2414.0,68946,14642.0,1277,England,4352,127598,"56,536,419"
23,2020-04-25,2405.0,70026,14202.0,1080,England,3381,130979,"56,536,419"
24,2020-04-26,2309.0,71234,14174.0,1208,England,3137,134116,"56,536,419"
25,2020-04-27,2194.0,72578,14255.0,1344,England,4056,138172,"56,536,419"
26,2020-04-28,2093.0,73874,13565.0,1296,England,4113,142285,"56,536,419"
27,2020-04-29,2045.0,75169,13224.0,1295,England,4737,147022,"56,536,419"
28,2020-04-30,1991.0,76396,12922.0,1227,England,4314,151336,"56,536,419"
29,2020-05-01,1954.0,77477,12623.0,1081,England,4109,155445,"56,536,419"
30,2020-05-02,1844.0,78457,12314.0,980,England,2762,158207,"56,536,419"
31,2020-05-03,1795.0,79501,12119.0,1044,England,2648,160855,"56,536,419"
32,2020-05-04,1724.0,80564,12020.0,1063,England,2851,163706,"56,536,419"
33,2020-05-05,1662.0,81523,11754.0,959,England,3148,166854,"56,536,419"
34,2020-05-06,1610.0,82563,11227.0,1040,England,3264,170118,"56,536,419"
35,2020-05-07,1493.0,83561,10726.0,998,England,3205,173323,"56,536,419"
36,2020-05-08,1446.0,84304,10249.0,743,England,2622,175945,"56,536,419"
37,2020-05-09,1398.0,85102,10176.0,798,England,1797,177742,"56,536,419"
38,2020-05-10,1362.0,85858,9893.0,756,England,2013,179755,"56,536,419"
39,2020-05-11,1316.0,86724,10109.0,866,England,3088,182843,"56,536,419"
40,2020-05-12,1247.0,87568,9791.0,844,England,2940,185783,"56,536,419"
41,2020-05-13,1198.0,88372,9602.0,804,England,2899,188682,"56,536,419"
42,2020-05-14,1162.0,89135,9231.0,763,England,2222,190904,"56,536,419"
43,2020-05-15,1200.0,89873,9079.0,738,England,2145,193049,"56,536,419"
44,2020-05-16,1101.0,90544,8643.0,671,England,1781,194830,"56,536,419"
45,2020-05-17,1064.0,91217,8611.0,673,England,1593,196423,"56,536,419"
46,2020-05-18,1010.0,91950,8668.0,733,England,2226,198649,"56,536,419"
47,2020-05-19,976.0,92702,8518.0,752,England,2602,201251,"56,536,419"
48,2020-05-20,921.0,93434,8115.0,732,England,2359,203610,"56,536,419"
49,2020-05-21,894.0,94149,7903.0,715,England,2277,205887,"56,536,419"
50,2020-05-22,852.0,94787,7761.0,638,England,1798,207685,"56,536,419"
51,2020-05-23,815.0,95291,7428.0,504,England,1309,208994,"56,536,419"
52,2020-05-24,786.0,95788,7415.0,497,England,1206,210200,"56,536,419"
53,2020-05-25,771.0,96286,7448.0,498,England,1389,211589,"56,536,419"
54,2020-05-26,756.0,96864,7305.0,578,England,1461,213050,"56,536,419"
55,2020-05-27,696.0,97453,6836.0,589,England,1616,214666,"56,536,419"
56,2020-05-28,663.0,98023,6528.0,570,England,1575,216241,"56,536,419"
57,2020-05-29,630.0,98522,6250.0,499,England,1374,217615,"56,536,419"
58,2020-05-30,628.0,98988,5972.0,466,England,1010,218625,"56,536,419"
59,2020-05-31,606.0,99434,5933.0,446,England,984,219609,"56,536,419"
60,2020-06-01,584.0,99956,5954.0,522,England,1319,220928,"56,536,419"
61,2020-06-02,553.0,100509,5827.0,553,England,1365,222293,"56,536,419"
62,2020-06-03,523.0,101000,5600.0,491,England,1251,223544,"56,536,419"
63,2020-06-04,494.0,101458,5398.0,458,England,1147,224691,"56,536,419"
64,2020-06-05,481.0,101838,5213.0,380,England,1020,225711,"56,536,419"
65,2020-06-06,473.0,102144,5004.0,306,England,723,226434,"56,536,419"
66,2020-06-07,448.0,102467,4820.0,323,England,668,227102,"56,536,419"
67,2020-06-08,443.0,102815,4830.0,348,England,990,228092,"56,536,419"
68,2020-06-09,427.0,103212,4665.0,397,England,1066,229158,"56,536,419"
69,2020-06-10,384.0,103614,4447.0,402,England,1086,230244,"56,536,419"
70,2020-06-11,334.0,103944,4179.0,330,England,915,231159,"56,536,419"
71,2020-06-12,336.0,104242,4136.0,298,England,938,232097,"56,536,419"
72,2020-06-13,339.0,104507,4000.0,265,England,785,232882,"56,536,419"
73,2020-06-14,343.0,104813,3973.0,306,England,752,233634,"56,536,419"
74,2020-06-15,327.0,105178,3920.0,365,England,944,234578,"56,536,419"
75,2020-06-16,327.0,105532,3934.0,354,England,996,235574,"56,536,419"
76,2020-06-17,300.0,105866,3826.0,334,England,914,236488,"56,536,419"
77,2020-06-18,299.0,106178,3681.0,312,England,938,237426,"56,536,419"
78,2020-06-19,283.0,106431,3575.0,253,England,818,238244,"56,536,419"
79,2020-06-20,297.0,106615,3423.0,184,England,626,238870,"56,536,419"
80,2020-06-21,265.0,106830,3373.0,215,England,550,239420,"56,536,419"
81,2020-06-22,296.0,107148,3417.0,318,England,821,240241,"56,536,419"
82,2020-06-23,266.0,107423,3288.0,275,England,727,240968,"56,536,419"
83,2020-06-24,264.0,107685,3223.0,262,England,732,241700,"56,536,419"
84,2020-06-25,236.0,107941,3066.0,256,England,643,242343,"56,536,419"
85,2020-06-26,226.0,108189,2859.0,248,England,640,242983,"56,536,419"
86,2020-06-27,233.0,108398,2819.0,209,England,506,243489,"56,536,419"
87,2020-06-28,236.0,108553,2818.0,155,England,413,243902,"56,536,419"
88,2020-06-29,228.0,108725,3024.0,172,England,666,244568,"56,536,419"
89,2020-06-30,238.0,108914,2665.0,189,England,578,245146,"56,536,419"
90,2020-07-01,220.0,109115,2509.0,201,England,607,245753,"56,536,419"
91,2020-07-02,211.0,109264,2410.0,149,England,561,246314,"56,536,419"
92,2020-07-03,202.0,109410,2294.0,146,England,536,246850,"56,536,419"
93,2020-07-04,186.0,109530,2152.0,120,England,385,247235,"56,536,419"
94,2020-07-05,190.0,109661,2100.0,131,England,544,247779,"56,536,419"
95,2020-07-06,188.0,109811,2099.0,150,England,664,248443,"56,536,419"
96,2020-07-07,178.0,109959,2010.0,148,England,565,249008,"56,536,419"
97,2020-07-08,164.0,110100,1888.0,141,England,682,249690,"56,536,419"
98,2020-07-09,167.0,110236,1801.0,136,England,688,250378,"56,536,419"
99,2020-07-10,162.0,110340,1746.0,104,England,524,250902,"56,536,419"
100,2020-07-11,152.0,110437,1640.0,97,England,432,251334,"56,536,419"
101,2020-07-12,139.0,110509,1611.0,72,England,351,251685,"56,536,419"
102,2020-07-13,138.0,110646,1612.0,137,England,694,252379,"56,536,419"
103,2020-07-14,123.0,110768,1506.0,122,England,661,253040,"56,536,419"
104,2020-07-15,136.0,110884,1489.0,116,England,726,253766,"56,536,419"
105,2020-07-16,118.0,110998,1348.0,114,England,644,254410,"56,536,419"
106,2020-07-17,122.0,111081,1346.0,83,England,548,254958,"56,536,419"
107,2020-07-18,118.0,111129,1321.0,48,England,473,255431,"56,536,419"
108,2020-07-19,119.0,111201,1301.0,72,England,419,255850,"56,536,419"
109,2020-07-20,112.0,111287,1278.0,86,England,769,256619,"56,536,419"
110,2020-07-21,106.0,111366,1188.0,79,England,697,257316,"56,536,419"
111,2020-07-22,97.0,111448,1305.0,82,England,764,258080,"56,536,419"
112,2020-07-23,101.0,111557,1095.0,109,England,741,258821,"56,536,419"
113,2020-07-24,92.0,111650,1018.0,93,England,720,259541,"56,536,419"
114,2020-07-25,82.0,111715,977.0,65,England,499,260040,"56,536,419"
115,2020-07-26,81.0,111779,965.0,64,England,518,260558,"56,536,419"
116,2020-07-27,83.0,111861,945.0,82,England,824,261382,"56,536,419"
117,2020-07-28,78.0,111930,944.0,69,England,796,262178,"56,536,419"
118,2020-07-29,72.0,111993,927.0,63,England,994,263172,"56,536,419"
119,2020-07-30,70.0,112068,898.0,75,England,879,264051,"56,536,419"
120,2020-07-31,71.0,112123,870.0,55,England,644,264695,"56,536,419"
121,2020-08-01,74.0,112173,879.0,50,England,508,265203,"56,536,419"
122,2020-08-02,72.0,112230,847.0,57,England,518,265721,"56,536,419"
123,2020-08-03,67.0,112304,842.0,74,England,963,266684,"56,536,419"
124,2020-08-04,65.0,112362,807.0,58,England,965,267649,"56,536,419"
125,2020-08-05,63.0,112422,805.0,60,England,973,268622,"56,536,419"
126,2020-08-06,61.0,112474,756.0,52,England,1005,269627,"56,536,419"
127,2020-08-07,57.0,112534,711.0,60,England,892,270519,"56,536,419"
128,2020-08-08,55.0,112612,650.0,78,England,648,271167,"56,536,419"
129,2020-08-09,56.0,112665,611.0,53,England,569,271736,"56,536,419"
130,2020-08-10,60.0,112715,714.0,50,England,1375,273111,"56,536,419"
131,2020-08-11,63.0,112778,672.0,63,England,1247,274358,"56,536,419"
132,2020-08-12,68.0,112829,642.0,51,England,1126,275484,"56,536,419"
133,2020-08-13,64.0,112889,652.0,60,England,1036,276520,"56,536,419"
134,2020-08-14,63.0,112944,642.0,55,England,1059,277579,"56,536,419"
135,2020-08-15,68.0,112982,630.0,38,England,656,278235,"56,536,419"
136,2020-08-16,69.0,113021,634.0,39,England,534,278769,"56,536,419"
137,2020-08-17,67.0,113067,626.0,46,England,1159,279928,"56,536,419"
138,2020-08-18,64.0,113123,597.0,56,England,955,280883,"56,536,419"
139,2020-08-19,63.0,113181,571.0,58,England,1109,281992,"56,536,419"
140,2020-08-20,64.0,113226,551.0,45,England,1254,283246,"56,536,419"
141,2020-08-21,64.0,113275,528.0,49,England,1031,284277,"56,536,419"
142,2020-08-22,66.0,113300,594.0,25,England,732,285009,"56,536,419"
143,2020-08-23,65.0,113344,522.0,44,England,704,285713,"56,536,419"
144,2020-08-24,62.0,113385,522.0,41,England,1156,286869,"56,536,419"
145,2020-08-25,62.0,113445,500.0,60,England,1085,287954,"56,536,419"
146,2020-08-26,55.0,113497,485.0,52,England,1181,289135,"56,536,419"
147,2020-08-27,62.0,113566,492.0,69,England,1356,290491,"56,536,419"
148,2020-08-28,52.0,113610,469.0,44,England,1395,291886,"56,536,419"
149,2020-08-29,56.0,113662,478.0,52,England,1051,292937,"56,536,419"
150,2020-08-30,52.0,113700,479.0,38,England,987,293924,"56,536,419"
151,2020-08-31,54.0,113752,495.0,52,England,1279,295203,"56,536,419"
152,2020-09-01,59.0,113810,496.0,58,England,1962,297165,"56,536,419"
153,2020-09-02,59.0,113889,451.0,79,England,2696,299861,"56,536,419"
154,2020-09-03,58.0,113958,468.0,69,England,2716,302577,"56,536,419"
155,2020-09-04,54.0,114025,474.0,67,England,2637,305214,"56,536,419"
156,2020-09-05,50.0,114119,471.0,94,England,2200,307414,"56,536,419"
157,2020-09-06,52.0,114204,483.0,85,England,2079,309493,"56,536,419"
158,2020-09-07,62.0,114288,555.0,84,England,3530,313023,"56,536,419"
159,2020-09-08,64.0,114387,535.0,99,England,3071,316094,"56,536,419"
160,2020-09-09,64.0,114523,557.0,136,England,2893,318987,"56,536,419"
161,2020-09-10,62.0,114666,572.0,143,England,3143,322130,"56,536,419"
162,2020-09-11,129.0,114801,622.0,135,England,2893,325023,"56,536,419"
163,2020-09-12,70.0,114944,663.0,143,England,2224,327247,"56,536,419"
164,2020-09-13,74.0,115097,691.0,153,England,1722,328969,"56,536,419"
165,2020-09-14,88.0,115269,812.0,172,England,2941,331910,"56,536,419"
166,2020-09-15,101.0,115463,891.0,194,England,3057,334967,"56,536,419"
167,2020-09-16,107.0,115646,929.0,183,England,3778,338745,"56,536,419"
168,2020-09-17,108.0,115845,984.0,199,England,3979,342724,"56,536,419"
169,2020-09-18,115.0,116050,1020.0,205,England,4290,347014,"56,536,419"
170,2020-09-19,123.0,116254,1081.0,204,England,4215,351229,"56,536,419"
171,2020-09-20,142.0,116491,1174.0,237,England,4652,355881,"56,536,419"
172,2020-09-21,154.0,116766,1299.0,275,England,4727,360608,"56,536,419"
173,2020-09-22,179.0,117034,1378.0,268,England,5400,366008,"56,536,419"
174,2020-09-23,192.0,117348,1439.0,314,England,5933,371941,"56,536,419"
175,2020-09-24,209.0,117636,1546.0,288,England,6361,378302,"56,536,419"
176,2020-09-25,227.0,117910,1686.0,274,England,6105,384407,"56,536,419"
177,2020-09-26,223.0,118155,1689.0,245,England,5704,390111,"56,536,419"
178,2020-09-27,233.0,118396,1793.0,241,England,6084,396195,"56,536,419"
179,2020-09-28,245.0,118704,1955.0,308,England,8641,404836,"56,536,419"
180,2020-09-29,259.0,119014,1954.0,310,England,8832,413668,"56,536,419"
181,2020-09-30,282.0,119342,2036.0,328,England,10663,424331,"56,536,419"
182,2020-10-01,285.0,119710,2069.0,368,England,11444,435775,"56,536,419"
183,2020-10-02,311.0,120081,2180.0,371,England,11719,447494,"56,536,419"
184,2020-10-03,307.0,120467,2290.0,386,England,9820,457314,"56,536,419"
185,2020-10-04,310.0,120945,2435.0,478,England,9966,467280,"56,536,419"
186,2020-10-05,331.0,121417,2705.0,472,England,14218,481498,"56,536,419"
187,2020-10-06,349.0,121941,2903.0,524,England,14458,495956,"56,536,419"
188,2020-10-07,376.0,122432,3066.0,491,England,15418,511374,"56,536,419"
189,2020-10-08,368.0,122945,3179.0,513,England,15452,526826,"56,536,419"
190,2020-10-09,367.0,123489,3238.0,544,England,13159,539985,"56,536,419"
191,2020-10-10,396.0,124004,3369.0,515,England,10301,550286,"56,536,419"
192,2020-10-11,401.0,124632,3604.0,628,England,9781,560067,"56,536,419"
193,2020-10-12,426.0,125296,3827.0,664,England,16420,576487,"56,536,419"
194,2020-10-13,441.0,126060,4105.0,764,England,15660,592147,"56,536,419"
195,2020-10-14,468.0,126766,4313.0,706,England,16646,608793,"56,536,419"
196,2020-10-15,482.0,127558,4569.0,792,England,15428,624221,"56,536,419"
197,2020-10-16,482.0,128190,4854.0,632,England,14761,638982,"56,536,419"
198,2020-10-17,495.0,128975,5029.0,785,England,12487,651469,"56,536,419"
199,2020-10-18,504.0,129845,5202.0,870,England,11982,663451,"56,536,419"
200,2020-10-19,529.0,130706,5644.0,861,England,22369,685820,"56,536,419"
201,2020-10-20,560.0,131631,6072.0,925,England,21638,707458,"56,536,419"
202,2020-10-21,572.0,132628,6271.0,997,England,21762,729220,"56,536,419"
203,2020-10-22,564.0,133615,6345.0,987,England,19866,749086,"56,536,419"
204,2020-10-23,602.0,134612,6842.0,997,England,18359,767445,"56,536,419"
205,2020-10-24,632.0,135602,7176.0,990,England,13713,781158,"56,536,419"
206,2020-10-25,663.0,136788,7612.0,1186,England,13353,794511,"56,536,419"
207,2020-10-26,682.0,138067,7856.0,1279,England,23033,817544,"56,536,419"
208,2020-10-27,743.0,139257,8595.0,1190,England,20762,838306,"56,536,419"
209,2020-10-28,788.0,140496,9070.0,1239,England,20547,858853,"56,536,419"
210,2020-10-29,803.0,141841,9127.0,1345,England,20257,879110,"56,536,419"
211,2020-10-30,801.0,142950,9295.0,1109,England,19899,899009,"56,536,419"
212,2020-10-31,816.0,144190,9782.0,1240,England,14565,913574,"56,536,419"
213,2020-11-01,804.0,145470,9623.0,1280,England,13611,927185,"56,536,419"
214,2020-11-02,883.0,146801,10397.0,1331,England,28394,955579,"56,536,419"
215,2020-11-03,954.0,148047,10971.0,1246,England,22690,978269,"56,536,419"
216,2020-11-04,997.0,149429,11037.0,1382,England,21053,999322,"56,536,419"
217,2020-11-05,986.0,150775,10994.0,1346,England,21206,1020528,"56,536,419"
218,2020-11-06,984.0,151957,11181.0,1182,England,21179,1041707,"56,536,419"
219,2020-11-07,1003.0,153276,11514.0,1319,England,16888,1058595,"56,536,419"
220,2020-11-08,1017.0,154764,11680.0,1488,England,18272,1076867,"56,536,419"
221,2020-11-09,1048.0,156315,12259.0,1551,England,28560,1105427,"56,536,419"
222,2020-11-10,1010.0,157907,12033.0,1592,England,24836,1130263,"56,536,419"
223,2020-11-11,1081.0,159618,12730.0,1711,England,25065,1155328,"56,536,419"
224,2020-11-12,1088.0,161284,12967.0,1666,England,22320,1177648,"56,536,419"
225,2020-11-13,1158.0,162717,13328.0,1433,England,22008,1199656,"56,536,419"
226,2020-11-14,1162.0,164105,13399.0,1388,England,16290,1215946,"56,536,419"
227,2020-11-15,1194.0,165572,13886.0,1467,England,14422,1230368,"56,536,419"
228,2020-11-16,1198.0,167132,14313.0,1560,England,24136,1254504,"56,536,419"
229,2020-11-17,1228.0,168623,14411.0,1491,England,20677,1275181,"56,536,419"
230,2020-11-18,1242.0,170194,14490.0,1571,England,18545,1293726,"56,536,419"
231,2020-11-19,1241.0,171678,14479.0,1484,England,15797,1309523,"56,536,419"
232,2020-11-20,1241.0,172994,14236.0,1316,England,14960,1324483,"56,536,419"
233,2020-11-21,1248.0,174249,14118.0,1255,England,10806,1335289,"56,536,419"
234,2020-11-22,1259.0,175582,14354.0,1333,England,10216,1345505,"56,536,419"
235,2020-11-23,1299.0,176967,14712.0,1385,England,16472,1361977,"56,536,419"
236,2020-11-24,1306.0,178244,14506.0,1277,England,14266,1376243,"56,536,419"
237,2020-11-25,1300.0,179659,14240.0,1415,England,14155,1390398,"56,536,419"
238,2020-11-26,1264.0,180857,13908.0,1198,England,12459,1402857,"56,536,419"
239,2020-11-27,1242.0,181912,13754.0,1055,England,12459,1415316,"56,536,419"
240,2020-11-28,1204.0,182977,13208.0,1065,England,9347,1424663,"56,536,419"
241,2020-11-29,1214.0,184192,13521.0,1215,England,9068,1433731,"56,536,419"
242,2020-11-30,1185.0,185408,13756.0,1216,England,15228,1448959,"56,536,419"
243,2020-12-01,1182.0,186679,13507.0,1271,England,13731,1462690,"56,536,419"
244,2020-12-02,1149.0,187941,13212.0,1262,England,13662,1476352,"56,536,419"
245,2020-12-03,1094.0,189278,12896.0,1337,England,12762,1489114,"56,536,419"
246,2020-12-04,1113.0,190526,12987.0,1248,England,13065,1502179,"56,536,419"
247,2020-12-05,1086.0,191712,12968.0,1186,England,10302,1512481,"56,536,419"
248,2020-12-06,1087.0,193023,13189.0,1311,England,11036,1523517,"56,536,419"
249,2020-12-07,1109.0,194489,13616.0,1466,England,17662,1541179,"56,536,419"
250,2020-12-08,1118.0,196017,13629.0,1528,England,16937,1558116,"56,536,419"
251,2020-12-09,1094.0,197567,13467.0,1550,England,17744,1575860,"56,536,419"
252,2020-12-10,1110.0,199091,13796.0,1524,England,18850,1594710,"56,536,419"
253,2020-12-11,1117.0,200541,13901.0,1450,England,20177,1614887,"56,536,419"
254,2020-12-12,1087.0,202128,13927.0,1587,England,16268,1631155,"56,536,419"
255,2020-12-13,1123.0,203709,14460.0,1581,England,18409,1649564,"56,536,419"
256,2020-12-14,1127.0,205455,15053.0,1746,England,30019,1679583,"56,536,419"
257,2020-12-15,1159.0,207185,15031.0,1730,England,29652,1709235,"56,536,419"
258,2020-12-16,1163.0,208981,15465.0,1796,England,30650,1739885,"56,536,419"
259,2020-12-17,1188.0,210854,15741.0,1873,England,30159,1770044,"56,536,419"
260,2020-12-18,1190.0,212526,15866.0,1672,England,32426,1802470,"56,536,419"
261,2020-12-19,1239.0,214338,16183.0,1812,England,22195,1824665,"56,536,419"
262,2020-12-20,1267.0,216314,16633.0,1976,England,29556,1854221,"56,536,419"
263,2020-12-21,1327.0,218429,17709.0,2115,England,43446,1897667,"56,536,419"
264,2020-12-22,1339.0,220632,18063.0,2203,England,41741,1939408,"56,536,419"
265,2020-12-23,1374.0,222612,17834.0,1980,England,38383,1977791,"56,536,419"
266,2020-12-24,1427.0,224407,18227.0,1795,England,29287,2007078,"56,536,419"
267,2020-12-25,1437.0,226359,17701.0,1952,England,12926,2020004,"56,536,419"
268,2020-12-26,1498.0,228657,18350.0,2298,England,37462,2057466,"56,536,419"
269,2020-12-27,1556.0,231229,19277.0,2572,England,43250,2100716,"56,536,419"
270,2020-12-28,1641.0,234024,20426.0,2795,England,40845,2141561,"56,536,419"
271,2020-12-29,1728.0,236910,21787.0,2886,England,74058,2215619,"56,536,419"
272,2020-12-30,1854.0,239771,22713.0,2861,England,64243,2279862,"56,536,419"
273,2020-12-31,1899.0,242307,22728.0,2536,England,47824,2327686,"56,536,419"
274,2021-01-01,1940.0,245317,22534.0,3010,England,28879,2356565,"56,536,419"
275,2021-01-02,2017.0,248462,23557.0,3145,England,55428,2411993,"56,536,419"
276,2021-01-03,2181.0,251813,24957.0,3351,England,50664,2462657,"56,536,419"
277,2021-01-04,2310.0,255400,26626.0,3587,England,70920,2533577,"56,536,419"
278,2021-01-05,2378.0,259097,26467.0,3697,England,59600,2593177,"56,536,419"
279,2021-01-06,2550.0,263064,27727.0,3967,England,52752,2645929,"56,536,419"
280,2021-01-07,2654.0,266913,28246.0,3849,England,48132,2694061,"56,536,419"
281,2021-01-08,2814.0,270462,29346.0,3549,England,43494,2737555,"56,536,419"
282,2021-01-09,2860.0,274180,29462.0,3718,England,36419,2773974,"56,536,419"
283,2021-01-10,2963.0,277751,30758.0,3571,England,33749,2807723,"56,536,419"
284,2021-01-11,3055.0,281645,32070.0,3894,England,53519,2861242,"56,536,419"
285,2021-01-12,3175.0,285779,32202.0,4134,England,45968,2907210,"56,536,419"
286,2021-01-13,3307.0,289619,32689.0,3840,England,42303,2949513,"56,536,419"
287,2021-01-14,3351.0,293297,32925.0,3678,England,39658,2989171,"56,536,419"
288,2021-01-15,3464.0,296592,33362.0,3295,England,37879,3027050,"56,536,419"
289,2021-01-16,3525.0,300161,32923.0,3569,England,28413,3055463,"56,536,419"
290,2021-01-17,3533.0,303585,33352.0,3424,England,26976,3082439,"56,536,419"
291,2021-01-18,3570.0,307296,34336.0,3711,England,41935,3124374,"56,536,419"
292,2021-01-19,3603.0,311064,34015.0,3768,England,37055,3161429,"56,536,419"
293,2021-01-20,3603.0,314743,33886.0,3679,England,32679,3194108,"56,536,419"
294,2021-01-21,3607.0,317980,33235.0,3237,England,29633,3223741,"56,536,419"
295,2021-01-22,3727.0,320996,33412.0,3016,England,27741,3251482,"56,536,419"
296,2021-01-23,3731.0,323776,32614.0,2780,England,20425,3271907,"56,536,419"
297,2021-01-24,3736.0,326600,32907.0,2824,England,15883,3287790,"56,536,419"
298,2021-01-25,3694.0,329248,32938.0,2648,England,27972,3315762,"56,536,419"
299,2021-01-26,3634.0,332047,32337.0,2799,England,25210,3340972,"56,536,419"
300,2021-01-27,3602.0,334789,30846.0,2742,England,23899,3364871,"56,536,419"
301,2021-01-28,3585.0,337508,30333.0,2719,England,22523,3387394,"56,536,419"
302,2021-01-29,3506.0,339887,29359.0,2379,England,20363,3407757,"56,536,419"
303,2021-01-30,3486.0,342080,28571.0,2193,England,15524,3423281,"56,536,419"
304,2021-01-31,3366.0,344263,28112.0,2183,England,14138,3437419,"56,536,419"
305,2021-02-01,3414.0,346610,28539.0,2347,England,20765,3458184,"56,536,419"
306,2021-02-02,3324.0,348832,27397.0,2222,England,18193,3476377,"56,536,419"
307,2021-02-03,3328.0,350928,26374.0,2096,England,17948,3494325,"56,536,419"
308,2021-02-04,3275.0,352835,25334.0,1907,England,16717,3511042,"56,536,419"
309,2021-02-05,3217.0,354592,24402.0,1757,England,14461,3525503,"56,536,419"
310,2021-02-06,3099.0,356271,23042.0,1679,England,10951,3536454,"56,536,419"
311,2021-02-07,3047.0,357946,22991.0,1675,England,10457,3546911,"56,536,419"
312,2021-02-08,2980.0,359685,23020.0,1739,England,14370,3561281,"56,536,419"
313,2021-02-09,2911.0,361216,22067.0,1531,England,12696,3573977,"56,536,419"
314,2021-02-10,2872.0,362751,20926.0,1535,England,12272,3586249,"56,536,419"
315,2021-02-11,2780.0,364191,19983.0,1440,England,11637,3597886,"56,536,419"
316,2021-02-12,2688.0,365509,19009.0,1318,England,10986,3608872,"56,536,419"
317,2021-02-13,2592.0,366749,17694.0,1240,England,8025,3616897,"56,536,419"
318,2021-02-14,2611.0,368113,17787.0,1364,England,7781,3624678,"56,536,419"
319,2021-02-15,2577.0,369435,17730.0,1322,England,12953,3637631,"56,536,419"
320,2021-02-16,2484.0,370746,17093.0,1311,England,11268,3648899,"56,536,419"
321,2021-02-17,2393.0,371979,16458.0,1233,England,10419,3659318,"56,536,419"
322,2021-02-18,2316.0,373128,15633.0,1149,England,10303,3669621,"56,536,419"
323,2021-02-19,2251.0,374196,15018.0,1068,England,9246,3678867,"56,536,419"
324,2021-02-20,2142.0,375100,14316.0,904,England,7161,3686028,"56,536,419"
325,2021-02-21,2122.0,376108,14142.0,1008,England,7033,3693061,"56,536,419"
326,2021-02-22,2072.0,377088,14137.0,980,England,10279,3703340,"56,536,419"
327,2021-02-23,1950.0,378064,13489.0,976,England,8536,3711876,"56,536,419"
328,2021-02-24,1931.0,378938,13007.0,874,England,7621,3719497,"56,536,419"
329,2021-02-25,1866.0,379770,12449.0,832,England,6934,3726431,"56,536,419"
330,2021-02-26,1808.0,380488,11781.0,718,England,5883,3732314,"56,536,419"
331,2021-02-27,1747.0,381112,11090.0,624,England,4254,3736568,"56,536,419"
332,2021-02-28,1630.0,381774,10663.0,662,England,4112,3740680,"56,536,419"
333,2021-03-01,1658.0,382478,10765.0,704,England,6215,3746895,"56,536,419"
334,2021-03-02,1556.0,383161,10121.0,683,England,5950,3752845,"56,536,419"
335,2021-03-03,1507.0,383768,9594.0,607,England,5305,3758150,"56,536,419"
336,2021-03-04,1454.0,384364,9092.0,596,England,5011,3763161,"56,536,419"
337,2021-03-05,1417.0,384851,8594.0,487,England,4728,3767889,"56,536,419"
338,2021-03-06,1326.0,385379,8021.0,528,England,3832,3771721,"56,536,419"
339,2021-03-07,1273.0,385840,7812.0,461,England,3677,3775398,"56,536,419"
340,2021-03-08,1236.0,386341,7847.0,501,England,5818,3781216,"56,536,419"
341,2021-03-09,1187.0,386824,7451.0,483,England,5488,3786704,"56,536,419"
342,2021-03-10,1137.0,387318,6975.0,494,England,5222,3791926,"56,536,419"
343,2021-03-11,1101.0,387767,6687.0,449,England,4848,3796774,"56,536,419"
344,2021-03-12,1023.0,388153,6391.0,386,England,4767,3801541,"56,536,419"
345,2021-03-13,1000.0,388538,6072.0,385,England,3592,3805133,"56,536,419"
346,2021-03-14,963.0,388895,6039.0,357,England,3707,3808840,"56,536,419"
347,2021-03-15,930.0,389326,5976.0,431,England,5643,3814483,"56,536,419"
348,2021-03-16,882.0,389690,5664.0,364,England,4933,3819416,"56,536,419"
349,2021-03-17,846.0,390033,5397.0,343,England,5048,3824464,"56,536,419"
350,2021-03-18,797.0,390384,5083.0,351,England,4689,3829153,"56,536,419"
351,2021-03-19,749.0,390667,4841.0,283,England,4333,3833486,"56,536,419"
352,2021-03-20,710.0,390954,4589.0,287,England,3514,3837000,"56,536,419"
353,2021-03-21,692.0,391233,4492.0,279,England,4679,3841679,"56,536,419"
354,2021-03-22,676.0,391527,4501.0,294,England,5400,3847079,"56,536,419"
355,2021-03-23,647.0,391822,4245.0,295,England,4566,3851645,"56,536,419"
356,2021-03-24,613.0,392099,4005.0,277,England,5321,3856966,"56,536,419"
357,2021-03-25,566.0,392387,3763.0,288,England,4674,3861640,"56,536,419"
358,2021-03-26,559.0,392632,3712.0,245,England,3803,3865443,"56,536,419"
359,2021-03-27,537.0,392849,3676.0,217,England,3136,3868579,"56,536,419"
360,2021-03-28,532.0,393070,3438.0,221,England,4477,3873056,"56,536,419"
361,2021-03-29,532.0,393276,3466.0,206,England,3422,3876478,"56,536,419"
362,2021-03-30,518.0,393493,3283.0,217,England,3135,3879613,"56,536,419"
363,2021-03-31,501.0,393718,3084.0,225,England,3340,3882953,"56,536,419"
364,2021-04-01,470.0,393898,2928.0,180,England,3067,3886020,"56,536,419"
365,2021-04-02,436.0,394076,2784.0,178,England,2248,3888268,"56,536,419"
366,2021-04-03,433.0,394255,2677.0,179,England,2121,3890389,"56,536,419"
367,2021-04-04,422.0,394411,2672.0,156,England,2042,3892431,"56,536,419"
368,2021-04-05,416.0,394599,2680.0,188,England,2314,3894745,"56,536,419"
369,2021-04-06,406.0,394782,2588.0,183,England,2756,3897501,"56,536,419"
370,2021-04-07,393.0,394971,2486.0,189,England,2752,3900253,"56,536,419"
371,2021-04-08,377.0,395138,2382.0,167,England,2651,3902904,"56,536,419"
372,2021-04-09,362.0,395305,2321.0,167,England,2482,3905386,"56,536,419"
373,2021-04-10,342.0,395456,2190.0,151,England,2009,3907395,"56,536,419"
374,2021-04-11,343.0,395631,2096.0,175,England,2020,3909415,"56,536,419"
375,2021-04-12,337.0,395804,2108.0,173,England,2399,3911814,"56,536,419"
376,2021-04-13,333.0,395957,2057.0,153,England,2060,3913874,"56,536,419"
377,2021-04-14,315.0,396113,1972.0,156,England,2068,3915942,"56,536,419"
378,2021-04-15,294.0,396240,1885.0,127,England,1959,3917901,"56,536,419"
379,2021-04-16,298.0,396358,1844.0,118,England,1963,3919864,"56,536,419"
380,2021-04-17,292.0,396493,1735.0,135,England,1398,3921262,"56,536,419"
381,2021-04-18,283.0,396605,1691.0,112,England,2281,3923543,"56,536,419"
382,2021-04-19,291.0,396743,1732.0,138,England,2268,3925811,"56,536,419"
383,2021-04-20,273.0,396841,1649.0,98,England,2112,3927923,"56,536,419"
384,2021-04-21,249.0,396967,1609.0,126,England,2298,3930221,"56,536,419"
385,2021-04-22,237.0,397059,1523.0,92,England,2032,3932253,"56,536,419"
386,2021-04-23,221.0,397183,1478.0,124,England,1701,3933954,"56,536,419"
387,2021-04-24,220.0,397282,1401.0,99,England,1300,3935254,"56,536,419"
388,2021-04-25,211.0,397389,1377.0,107,England,1897,3937151,"56,536,419"
389,2021-04-26,208.0,397497,1393.0,108,England,2267,3939418,"56,536,419"
390,2021-04-27,196.0,397625,1310.0,128,England,1809,3941227,"56,536,419"
391,2021-04-28,188.0,397714,1278.0,89,England,2153,3943380,"56,536,419"
392,2021-04-29,178.0,397794,1235.0,80,England,1901,3945281,"56,536,419"
393,2021-04-30,170.0,397876,1161.0,82,England,1528,3946809,"56,536,419"
394,2021-05-01,167.0,397944,1071.0,68,England,1211,3948020,"56,536,419"
395,2021-05-02,172.0,398036,1082.0,92,England,1305,3949325,"56,536,419"
396,2021-05-03,168.0,398134,1096.0,98,England,1806,3951131,"56,536,419"
397,2021-05-04,162.0,398210,1093.0,76,England,2200,3953331,"56,536,419"
398,2021-05-05,161.0,398306,1032.0,96,England,2203,3955534,"56,536,419"
399,2021-05-06,144.0,398394,976.0,88,England,1967,3957501,"56,536,419"
400,2021-05-07,145.0,398471,973.0,77,England,1657,3959158,"56,536,419"
401,2021-05-08,135.0,398551,948.0,80,England,1301,3960459,"56,536,419"
402,2021-05-09,131.0,398627,933.0,76,England,1985,3962444,"56,536,419"
403,2021-05-10,135.0,398703,944.0,76,England,2325,3964769,"56,536,419"
404,2021-05-11,126.0,398782,921.0,79,England,1872,3966641,"56,536,419"
405,2021-05-12,123.0,398875,907.0,93,England,1869,3968510,"56,536,419"
406,2021-05-13,119.0,398949,845.0,74,England,1737,3970247,"56,536,419"
407,2021-05-14,115.0,399021,818.0,72,England,1540,3971787,"56,536,419"
408,2021-05-15,115.0,399091,810.0,70,England,1306,3973093,"56,536,419"
409,2021-05-16,116.0,399150,801.0,59,England,1587,3974680,"56,536,419"
410,2021-05-17,117.0,399224,798.0,74,England,2341,3977021,"56,536,419"
411,2021-05-18,114.0,399314,749.0,90,England,2241,3979262,"56,536,419"
412,2021-05-19,113.0,399407,757.0,93,England,2261,3981523,"56,536,419"
413,2021-05-20,115.0,399505,749.0,98,England,2000,3983523,"56,536,419"
414,2021-05-21,117.0,399590,766.0,85,England,1872,3985395,"56,536,419"
415,2021-05-22,113.0,399665,730.0,75,England,1606,3987001,"56,536,419"
416,2021-05-23,111.0,399742,756.0,77,England,1918,3988919,"56,536,419"
417,2021-05-24,113.0,399840,797.0,98,England,2750,3991669,"56,536,419"
418,2021-05-25,117.0,399928,765.0,88,England,2797,3994466,"56,536,419"
419,2021-05-26,115.0,400023,745.0,95,England,3179,3997645,"56,536,419"
420,2021-05-27,110.0,400106,742.0,83,England,3075,4000720,"56,536,419"
421,2021-05-28,116.0,400198,743.0,92,England,2929,4003649,"56,536,419"
422,2021-05-29,112.0,400267,748.0,69,England,2462,4006111,"56,536,419"
423,2021-05-30,115.0,400347,755.0,80,England,2598,4008709,"56,536,419"
424,2021-05-31,110.0,400445,773.0,98,England,3170,4011879,"56,536,419"
425,2021-06-01,123.0,400560,776.0,115,England,4515,4016394,"56,536,419"
426,2021-06-02,116.0,400661,801.0,101,England,5039,4021433,"56,536,419"
427,2021-06-03,124.0,400754,779.0,93,England,5131,4026564,"56,536,419"
428,2021-06-04,119.0,400850,805.0,96,England,4886,4031450,"56,536,419"
429,2021-06-05,124.0,400946,782.0,96,England,3964,4035414,"56,536,419"
430,2021-06-06,131.0,401067,807.0,121,England,4730,4040144,"56,536,419"
431,2021-06-07,133.0,401198,860.0,131,England,6791,4046935,"56,536,419"
432,2021-06-08,140.0,401345,879.0,147,England,6630,4053565,"56,536,419"
433,2021-06-09,141.0,401503,876.0,158,England,6919,4060484,"56,536,419"
434,2021-06-10,140.0,401665,906.0,162,England,6718,4067202,"56,536,419"
435,2021-06-11,146.0,401809,884.0,144,England,6510,4073712,"56,536,419"
436,2021-06-12,152.0,401946,915.0,137,England,5422,4079134,"56,536,419"
437,2021-06-13,171.0,402133,947.0,187,England,6075,4085209,"56,536,419"
438,2021-06-14,170.0,402318,993.0,185,England,8941,4094150,"56,536,419"
439,2021-06-15,187.0,402506,1030.0,188,England,9153,4103303,"56,536,419"
440,2021-06-16,192.0,402683,1057.0,177,England,9411,4112714,"56,536,419"
441,2021-06-17,197.0,402885,1122.0,202,England,9523,4122237,"56,536,419"
442,2021-06-18,210.0,403070,1170.0,185,England,8772,4131009,"56,536,419"
443,2021-06-19,203.0,403248,1143.0,178,England,7127,4138136,"56,536,419"
444,2021-06-20,196.0,403419,1168.0,171,England,8203,4146339,"56,536,419"
445,2021-06-21,212.0,403600,1290.0,181,England,12707,4159046,"56,536,419"
446,2021-06-22,229.0,403782,1301.0,182,England,13563,4172609,"56,536,419"
447,2021-06-23,227.0,403996,1255.0,214,England,14806,4187415,"56,536,419"
448,2021-06-24,240.0,404190,1274.0,194,England,15084,4202499,"56,536,419"
449,2021-06-25,238.0,404396,1284.0,206,England,14901,4217400,"56,536,419"
450,2021-06-26,236.0,404619,1276.0,223,England,13486,4230886,"56,536,419"
451,2021-06-27,244.0,404845,1331.0,226,England,15407,4246293,"56,536,419"
452,2021-06-28,272.0,405089,1465.0,244,England,23511,4269804,"56,536,419"
453,2021-06-29,259.0,405372,1445.0,283,England,23250,4293054,"56,536,419"
454,2021-06-30,264.0,405703,1500.0,331,England,23941,4316995,"56,536,419"
455,2021-07-01,279.0,405998,1560.0,295,England,24267,4341262,"56,536,419"
456,2021-07-02,297.0,406305,1611.0,307,England,22287,4363549,"56,536,419"
457,2021-07-03,296.0,406628,1636.0,323,England,20638,4384187,"56,536,419"
458,2021-07-04,305.0,407018,1744.0,390,England,21806,4405993,"56,536,419"
459,2021-07-05,330.0,407434,1888.0,416,England,30215,4436208,"56,536,419"
460,2021-07-06,353.0,407892,1998.0,458,England,31627,4467835,"56,536,419"
461,2021-07-07,377.0,408353,2144.0,461,England,34274,4502109,"56,536,419"
462,2021-07-08,376.0,408841,2209.0,488,England,29929,4532038,"56,536,419"
463,2021-07-09,393.0,409292,2352.0,451,England,29050,4561088,"56,536,419"
464,2021-07-10,398.0,409734,2429.0,442,England,25411,4586499,"56,536,419"
465,2021-07-11,408.0,410236,2564.0,502,England,27418,4613917,"56,536,419"
466,2021-07-12,433.0,410846,2798.0,610,England,40477,4654394,"56,536,419"
467,2021-07-13,470.0,411467,2970.0,621,England,43247,4697641,"56,536,419"
468,2021-07-14,489.0,412103,3110.0,636,England,50320,4747961,"56,536,419"
469,2021-07-15,493.0,412761,3241.0,658,England,57583,4805544,"56,536,419"
470,2021-07-16,512.0,413354,3367.0,593,England,51138,4856682,"56,536,419"
471,2021-07-17,514.0,413976,3442.0,622,England,35281,4891963,"56,536,419"
472,2021-07-18,512.0,414674,3546.0,698,England,33164,4925127,"56,536,419"
473,2021-07-19,543.0,415426,3813.0,752,England,43401,4968528,"56,536,419"
474,2021-07-20,544.0,416231,3894.0,805,England,35947,5004475,"56,536,419"
475,2021-07-21,567.0,417014,4063.0,783,England,31676,5036151,"56,536,419"
476,2021-07-22,612.0,417841,4230.0,827,England,27711,5063862,"56,536,419"
477,2021-07-23,625.0,418566,4401.0,725,England,24586,5088448,"56,536,419"
478,2021-07-24,659.0,419300,4476.0,734,England,20276,5108724,"56,536,419"
479,2021-07-25,675.0,420136,4725.0,836,England,19657,5128381,"56,536,419"
480,2021-07-26,712.0,420966,5055.0,830,England,26541,5154922,"56,536,419"
481,2021-07-27,738.0,421782,5163.0,816,England,26027,5180949,"56,536,419"
482,2021-07-28,748.0,422510,5182.0,728,England,26925,5207874,"56,536,419"
483,2021-07-29,765.0,423268,5056.0,758,England,25361,5233235,"56,536,419"
484,2021-07-30,785.0,423918,5111.0,650,England,22109,5255344,"56,536,419"
485,2021-07-31,789.0,424511,5057.0,593,England,18450,5273794,"56,536,419"
486,2021-08-01,769.0,425156,5090.0,645,England,18714,5292508,"56,536,419"
487,2021-08-02,791.0,425842,5309.0,686,England,26580,5319088,"56,536,419"
488,2021-08-03,780.0,426522,5116.0,680,England,27062,5346150,"56,536,419"
489,2021-08-04,772.0,427269,4944.0,747,England,28895,5375045,"56,536,419"
490,2021-08-05,770.0,427962,4894.0,693,England,28126,5403171,"56,536,419"
491,2021-08-06,765.0,428619,4879.0,657,England,24851,5428022,"56,536,419"
492,2021-08-07,760.0,429249,4817.0,630,England,19957,5447979,"56,536,419"
493,2021-08-08,765.0,429900,4939.0,651,England,20157,5468136,"56,536,419"
494,2021-08-09,762.0,430565,5098.0,665,England,28292,5496428,"56,536,419"
495,2021-08-10,782.0,431325,5096.0,760,England,27610,5524038,"56,536,419"
496,2021-08-11,777.0,432072,5073.0,747,England,29135,5553173,"56,536,419"
497,2021-08-12,783.0,432830,5029.0,758,England,27690,5580863,"56,536,419"
498,2021-08-13,793.0,433524,5076.0,694,England,24992,5605855,"56,536,419"
499,2021-08-14,797.0,434213,4973.0,689,England,21336,5627191,"56,536,419"
500,2021-08-15,800.0,434932,5115.0,719,England,21280,5648471,"56,536,419"
501,2021-08-16,816.0,435708,5429.0,776,England,30861,5679332,"56,536,419"
502,2021-08-17,825.0,436540,5437.0,832,England,31095,5710427,"56,536,419"
503,2021-08-18,812.0,437335,5514.0,795,England,31426,5741853,"56,536,419"
504,2021-08-19,835.0,438159,5554.0,824,England,29081,5770934,"56,536,419"
505,2021-08-20,857.0,438892,5576.0,733,England,25555,5796489,"56,536,419"
506,2021-08-21,858.0,439649,5575.0,757,England,22605,5819094,"56,536,419"
507,2021-08-22,863.0,440375,5749.0,726,England,22409,5841503,"56,536,419"
508,2021-08-23,845.0,441206,6000.0,831,England,30333,5871836,"56,536,419"
509,2021-08-24,857.0,442024,5911.0,818,England,28212,5900048,"56,536,419"
510,2021-08-25,871.0,442867,5922.0,843,England,27901,5927949,"56,536,419"
511,2021-08-26,872.0,443644,5893.0,777,England,26482,5954431,"56,536,419"
512,2021-08-27,874.0,444393,5889.0,749,England,24253,5978684,"56,536,419"
513,2021-08-28,835.0,445081,5756.0,688,England,20138,5998822,"56,536,419"
514,2021-08-29,850.0,445782,5855.0,701,England,19152,6017974,"56,536,419"
515,2021-08-30,859.0,446590,6002.0,808,England,24973,6042947,"56,536,419"
516,2021-08-31,879.0,447388,6293.0,798,England,33565,6076512,"56,536,419"
517,2021-09-01,890.0,448223,6236.0,835,England,31600,6108112,"56,536,419"
518,2021-09-02,897.0,449011,6186.0,788,England,30636,6138748,"56,536,419"
519,2021-09-03,889.0,449699,6195.0,688,England,28730,6167478,"56,536,419"
520,2021-09-04,880.0,450451,6043.0,752,England,23409,6190887,"56,536,419"
521,2021-09-05,878.0,451142,6167.0,691,England,23457,6214344,"56,536,419"
522,2021-09-06,909.0,451973,6375.0,831,England,33135,6247479,"56,536,419"
523,2021-09-07,885.0,452774,6244.0,801,England,27938,6275417,"56,536,419"
524,2021-09-08,896.0,453674,6302.0,900,England,25659,6301076,"56,536,419"
525,2021-09-09,887.0,454464,6254.0,790,England,24440,6325516,"56,536,419"
526,2021-09-10,898.0,455144,6400.0,680,England,21031,6346547,"56,536,419"
527,2021-09-11,865.0,455793,6206.0,649,England,16956,6363503,"56,536,419"
528,2021-09-12,884.0,456451,6253.0,658,England,17879,6381382,"56,536,419"
529,2021-09-13,886.0,457139,6424.0,688,England,25199,6406581,"56,536,419"
530,2021-09-14,888.0,457840,6344.0,701,England,22641,6429222,"56,536,419"
531,2021-09-15,910.0,458531,6306.0,691,England,22414,6451636,"56,536,419"
532,2021-09-16,849.0,459203,6081.0,672,England,22320,6473956,"56,536,419"
533,2021-09-17,844.0,459743,5910.0,540,England,22375,6496331,"56,536,419"
534,2021-09-18,829.0,460303,5688.0,560,England,20926,6517257,"56,536,419"
535,2021-09-19,824.0,460875,5695.0,572,England,24789,6542046,"56,536,419"
536,2021-09-20,811.0,461481,5727.0,606,England,32121,6574167,"56,536,419"
537,2021-09-21,774.0,462083,5543.0,602,England,30547,6604714,"56,536,419"
538,2021-09-22,783.0,462655,5406.0,572,England,28788,6633502,"56,536,419"
539,2021-09-23,757.0,463232,5214.0,577,England,28340,6661842,"56,536,419"
540,2021-09-24,730.0,463789,5036.0,557,England,25754,6687596,"56,536,419"
541,2021-09-25,723.0,464309,5100.0,520,England,23389,6710985,"56,536,419"
542,2021-09-26,689.0,464844,4949.0,535,England,26814,6737799,"56,536,419"
543,2021-09-27,685.0,465461,5121.0,617,England,34595,6772394,"56,536,419"
544,2021-09-28,681.0,466057,5126.0,596,England,29628,6802022,"56,536,419"
545,2021-09-29,671.0,466682,5017.0,625,England,28689,6830711,"56,536,419"
546,2021-09-30,672.0,467234,4916.0,552,England,26808,6857519,"56,536,419"
547,2021-10-01,671.0,467754,4799.0,520,England,24134,6881653,"56,536,419"
548,2021-10-02,630.0,468303,4652.0,549,England,21873,6903526,"56,536,419"
549,2021-10-03,639.0,468880,4778.0,577,England,27138,6930664,"56,536,419"
550,2021-10-04,632.0,469507,4909.0,627,England,36475,6967139,"56,536,419"
551,2021-10-05,661.0,470165,5006.0,658,England,32269,6999408,"56,536,419"
552,2021-10-06,663.0,470797,5009.0,632,England,32547,7031955,"56,536,419"
553,2021-10-07,665.0,471431,4962.0,634,England,32158,7064113,"56,536,419"
554,2021-10-08,647.0,472050,4975.0,619,England,29848,7093961,"56,536,419"
555,2021-10-09,639.0,472663,4921.0,613,England,27180,7121141,"56,536,419"
556,2021-10-10,622.0,473269,5077.0,606,England,31499,7152640,"56,536,419"
557,2021-10-11,621.0,473954,5206.0,685,England,43115,7195755,"56,536,419"
558,2021-10-12,657.0,474714,5213.0,760,England,40892,7236647,"56,536,419"
559,2021-10-13,657.0,475466,5246.0,752,England,40547,7277194,"56,536,419"
560,2021-10-14,655.0,476196,5289.0,730,England,39262,7316456,"56,536,419"
561,2021-10-15,673.0,476948,5363.0,752,England,36631,7353087,"56,536,419"
562,2021-10-16,681.0,477691,5385.0,743,England,31639,7384726,"56,536,419"
563,2021-10-17,695.0,478519,5623.0,828,England,37501,7422227,"56,536,419"
564,2021-10-18,703.0,479415,5938.0,896,England,49257,7471484,"56,536,419"
565,2021-10-19,733.0,480309,6099.0,894,England,44630,7516114,"56,536,419"
566,2021-10-20,746.0,481212,6299.0,903,England,43963,7560077,"56,536,419"
567,2021-10-21,750.0,482011,6366.0,799,England,38581,7598658,"56,536,419"
568,2021-10-22,746.0,482771,6405.0,760,England,34506,7633164,"56,536,419"
569,2021-10-23,728.0,483527,6386.0,756,England,29747,7662911,"56,536,419"
570,2021-10-24,745.0,484356,6515.0,829,England,30091,7693002,"56,536,419"
571,2021-10-25,776.0,485221,6801.0,865,England,39958,7732960,"56,536,419"
572,2021-10-26,803.0,486132,6883.0,911,England,35276,7768236,"56,536,419"
573,2021-10-27,799.0,487087,6951.0,955,England,36524,7804760,"56,536,419"
574,2021-10-28,794.0,487975,7019.0,888,England,35076,7839836,"56,536,419"
575,2021-10-29,809.0,488815,7113.0,840,England,33995,7873831,"56,536,419"
576,2021-10-30,812.0,489556,7155.0,741,England,28243,7902074,"56,536,419"
577,2021-10-31,815.0,490416,7311.0,860,England,29564,7931638,"56,536,419"
578,2021-11-01,859.0,491315,7535.0,899,England,37663,7969301,"56,536,419"
579,2021-11-02,859.0,492206,7510.0,891,England,31328,8000629,"56,536,419"
580,2021-11-03,854.0,493013,7291.0,807,England,29396,8030025,"56,536,419"
581,2021-11-04,867.0,493730,7201.0,717,England,27379,8057404,"56,536,419"
582,2021-11-05,860.0,494416,7072.0,686,England,24405,8081809,"56,536,419"
583,2021-11-06,856.0,495104,6874.0,688,England,22581,8104390,"56,536,419"
584,2021-11-07,846.0,495843,6910.0,739,England,25447,8129837,"56,536,419"
585,2021-11-08,869.0,496693,7075.0,850,England,36138,8165975,"56,536,419"
586,2021-11-09,865.0,497501,7053.0,808,England,34679,8200654,"56,536,419"
587,2021-11-10,846.0,498322,6961.0,821,England,35390,8236044,"56,536,419"
588,2021-11-11,842.0,499119,6861.0,797,England,33700,8269744,"56,536,419"
589,2021-11-12,838.0,499848,6777.0,729,England,31337,8301081,"56,536,419"
590,2021-11-13,830.0,500503,6639.0,655,England,27358,8328439,"56,536,419"
591,2021-11-14,841.0,501181,6707.0,678,England,29599,8358038,"56,536,419"
592,2021-11-15,821.0,501876,6864.0,695,England,42477,8400515,"56,536,419"
593,2021-11-16,796.0,502589,6623.0,713,England,38656,8439171,"56,536,419"
594,2021-11-17,792.0,503316,6412.0,727,England,38257,8477428,"56,536,419"
595,2021-11-18,779.0,504013,6336.0,697,England,37099,8514527,"56,536,419"
596,2021-11-19,769.0,504650,6310.0,637,England,33184,8547711,"56,536,419"
597,2021-11-20,764.0,505261,6191.0,611,England,29868,8577579,"56,536,419"
598,2021-11-21,776.0,505909,6322.0,648,England,31761,8609340,"56,536,419"
599,2021-11-22,785.0,506511,6424.0,602,England,42869,8652209,"56,536,419"
600,2021-11-23,780.0,507170,6257.0,659,England,41015,8693224,"56,536,419"
601,2021-11-24,783.0,507922,6062.0,752,England,39881,8733105,"56,536,419"
602,2021-11-25,790.0,508572,6068.0,650,England,37143,8770248,"56,536,419"
603,2021-11-26,796.0,509192,5992.0,620,England,33666,8803914,"56,536,419"
604,2021-11-27,787.0,509801,5852.0,609,England,28459,8832373,"56,536,419"
605,2021-11-28,793.0,510408,5890.0,607,England,33857,8866230,"56,536,419"
606,2021-11-29,793.0,511077,6094.0,669,England,47939,8914169,"56,536,419"
607,2021-11-30,806.0,511776,6123.0,699,England,47632,8961801,"56,536,419"
608,2021-12-01,773.0,512474,5829.0,698,England,47263,9009064,"56,536,419"
609,2021-12-02,774.0,513193,5915.0,719,England,43045,9052109,"56,536,419"
610,2021-12-03,783.0,513817,5851.0,624,England,39222,9091331,"56,536,419"
611,2021-12-04,775.0,514452,5784.0,635,England,33380,9124711,"56,536,419"
612,2021-12-05,770.0,515180,5903.0,728,England,35037,9159748,"56,536,419"
613,2021-12-06,793.0,515916,5992.0,736,England,51123,9210871,"56,536,419"
614,2021-12-07,779.0,516715,6027.0,799,England,48146,9259017,"56,536,419"
615,2021-12-08,778.0,517469,6053.0,754,England,50059,9309076,"56,536,419"
616,2021-12-09,792.0,518268,6130.0,799,England,48817,9357893,"56,536,419"
617,2021-12-10,793.0,518975,6088.0,707,England,45018,9402911,"56,536,419"
618,2021-12-11,785.0,519671,6095.0,696,England,41940,9444851,"56,536,419"
619,2021-12-12,788.0,520443,6223.0,772,England,46367,9491218,"56,536,419"
620,2021-12-13,795.0,521237,6395.0,794,England,76507,9567725,"56,536,419"
621,2021-12-14,795.0,522052,6434.0,815,England,90717,9658442,"56,536,419"
622,2021-12-15,786.0,522857,6358.0,805,England,99655,9758097,"56,536,419"
623,2021-12-16,783.0,523634,6405.0,777,England,93804,9851901,"56,536,419"
624,2021-12-17,789.0,524377,6321.0,743,England,84967,9936868,"56,536,419"
625,2021-12-18,767.0,525112,6287.0,735,England,78930,10015798,"56,536,419"
626,2021-12-19,767.0,526038,6434.0,926,England,78497,10094295,"56,536,419"
627,2021-12-20,768.0,527099,6688.0,1061,England,117577,10211872,"56,536,419"
628,2021-12-21,757.0,528197,6902.0,1098,England,129599,10341471,"56,536,419"
629,2021-12-22,745.0,529443,7080.0,1246,England,138142,10479613,"56,536,419"
630,2021-12-23,747.0,530695,7114.0,1252,England,137021,10616634,"56,536,419"
631,2021-12-24,742.0,531715,7366.0,1020,England,117562,10734196,"56,536,419"
632,2021-12-25,745.0,532996,7166.0,1281,England,59912,10794108,"56,536,419"
633,2021-12-26,758.0,534370,7536.0,1374,England,98918,10893026,"56,536,419"
634,2021-12-27,776.0,536121,8474.0,1751,England,155567,11048593,"56,536,419"
635,2021-12-28,758.0,538203,9546.0,2082,England,170586,11219179,"56,536,419"
636,2021-12-29,771.0,540573,10462.0,2370,England,224031,11443210,"56,536,419"
637,2021-12-30,782.0,542687,11452.0,2114,England,192825,11636035,"56,536,419"
638,2021-12-31,789.0,544468,12395.0,1781,England,152887,11788922,"56,536,419"
639,2022-01-01,765.0,546287,12615.0,1819,England,99303,11888225,"56,536,419"
640,2022-01-02,769.0,548168,13151.0,1881,England,148609,12036834,"56,536,419"
641,2022-01-03,777.0,550387,14210.0,2219,England,193617,12230451,"56,536,419"
642,2022-01-04,797.0,552488,15044.0,2101,England,234873,12465324,"56,536,419"
643,2022-01-05,769.0,554627,15659.0,2139,England,183798,12649122,"56,536,419"
644,2022-01-06,762.0,556670,16058.0,2043,England,150786,12799908,"56,536,419"
645,2022-01-07,728.0,558442,16163.0,1772,England,105080,12904988,"56,536,419"
646,2022-01-08,708.0,560304,16034.0,1862,England,81221,12986209,"56,536,419"
647,2022-01-09,704.0,562279,16399.0,1975,England,83081,13069290,"56,536,419"
648,2022-01-10,707.0,564459,17120.0,2180,England,116343,13185633,"56,536,419"
649,2022-01-11,686.0,566586,16939.0,2127,England,100979,13286612,"56,536,419"
650,2022-01-12,672.0,568541,16881.0,1955,England,90000,13376612,"56,536,419"
651,2022-01-13,666.0,570457,16716.0,1916,England,84132,13460744,"56,536,419"
652,2022-01-14,637.0,572149,16537.0,1692,England,75174,13535918,"56,536,419"
653,2022-01-15,608.0,573753,16281.0,1604,England,67821,13603739,"56,536,419"
654,2022-01-16,619.0,575521,16372.0,1768,England,85599,13689338,"56,536,419"
655,2022-01-17,623.0,577329,16621.0,1808,England,114776,13804114,"56,536,419"
656,2022-01-18,614.0,579123,16218.0,1794,England,103308,13907422,"56,536,419"
657,2022-01-19,586.0,580901,15742.0,1778,England,97335,14004757,"56,536,419"
658,2022-01-20,573.0,582599,15302.0,1698,England,86951,14091708,"56,536,419"
659,2022-01-21,552.0,584052,14865.0,1453,England,79172,14170880,"56,536,419"
660,2022-01-22,545.0,585329,14320.0,1277,England,70483,14241363,"56,536,419"
661,2022-01-23,524.0,586864,14334.0,1535,England,88558,14329921,"56,536,419"
662,2022-01-24,521.0,588457,14563.0,1593,England,109233,14439154,"56,536,419"
663,2022-01-25,501.0,590138,14088.0,1681,England,96955,14536109,"56,536,419"
664,2022-01-26,493.0,591827,13948.0,1689,England,93211,14629320,"56,536,419"
665,2022-01-27,481.0,593330,13651.0,1503,England,82726,14712046,"56,536,419"
666,2022-01-28,467.0,594672,13462.0,1342,England,71682,14783728,"56,536,419"
667,2022-01-29,458.0,595997,12672.0,1325,England,63024,14846752,"56,536,419"
668,2022-01-30,457.0,597282,12992.0,1285,England,74980,14921732,"56,536,419"
669,2022-01-31,449.0,598733,13331.0,1451,England,88502,15010234,"56,536,419"
670,2022-02-01,449.0,600270,12896.0,1537,England,78511,15088745,"56,536,419"
671,2022-02-02,432.0,601721,12577.0,1451,England,73908,15162653,"56,536,419"
672,2022-02-03,429.0,603013,12423.0,1292,England,64032,15226685,"56,536,419"
673,2022-02-04,425.0,604199,12032.0,1186,England,52556,15279241,"56,536,419"
674,2022-02-05,409.0,605276,11604.0,1077,England,43233,15322474,"56,536,419"
675,2022-02-06,391.0,606487,11529.0,1211,England,50148,15372622,"56,536,419"
676,2022-02-07,395.0,607721,11710.0,1234,England,62672,15435294,"56,536,419"
677,2022-02-08,385.0,608987,11471.0,1266,England,55437,15490731,"56,536,419"
678,2022-02-09,384.0,610207,11071.0,1220,England,51013,15541744,"56,536,419"
679,2022-02-10,384.0,611374,10734.0,1167,England,41331,15583075,"56,536,419"
680,2022-02-11,372.0,612370,10367.0,996,England,34944,15618019,"56,536,419"
681,2022-02-12,360.0,613359,10010.0,989,England,29142,15647161,"56,536,419"
682,2022-02-13,348.0,614388,10049.0,1029,England,32326,15679487,"56,536,419"
683,2022-02-14,355.0,615520,10273.0,1132,England,42490,15721977,"56,536,419"
684,2022-02-15,323.0,616664,10019.0,1144,England,40145,15762122,"56,536,419"
685,2022-02-16,326.0,617784,9804.0,1120,England,39445,15801567,"56,536,419"
686,2022-02-17,303.0,618755,9600.0,971,England,34168,15835735,"56,536,419"
687,2022-02-18,303.0,619655,9258.0,900,England,24923,15860658,"56,536,419"
688,2022-02-19,296.0,620489,9187.0,834,England,26429,15887087,"56,536,419"
689,2022-02-20,304.0,621460,9058.0,971,England,28411,15915498,"56,536,419"
690,2022-02-21,292.0,622490,9229.0,1030,England,33034,15948532,"56,536,419"
691,2022-02-22,284.0,623466,8948.0,976,England,28019,15976551,"56,536,419"
692,2022-02-23,278.0,624442,8868.0,976,England,26008,16002559,"56,536,419"
693,2022-02-24,262.0,625426,8645.0,984,England,21882,16024441,"56,536,419"
694,2022-02-25,246.0,626267,8498.0,841,England,19533,16043974,"56,536,419"
695,2022-02-26,226.0,627155,8197.0,888,England,17604,16061578,"56,536,419"
696,2022-02-27,239.0,628104,8305.0,949,England,22165,16083743,"56,536,419"
697,2022-02-28,254.0,629249,8538.0,1145,England,31865,16115608,"56,536,419"
698,2022-03-01,245.0,630360,8486.0,1111,England,31864,16147472,"56,536,419"
699,2022-03-02,249.0,631544,8402.0,1184,England,33361,16180833,"56,536,419"
700,2022-03-03,234.0,632770,8210.0,1226,England,31533,16212366,"56,536,419"
701,2022-03-04,232.0,633814,8403.0,1044,England,30605,16242971,"56,536,419"
702,2022-03-05,231.0,634864,8400.0,1050,England,28509,16271480,"56,536,419"
703,2022-03-06,234.0,636124,8502.0,1260,England,35914,16307394,"56,536,419"
704,2022-03-07,239.0,637402,8923.0,1278,England,50982,16358376,"56,536,419"
705,2022-03-08,242.0,638791,9176.0,1389,England,52343,16410719,"56,536,419"
706,2022-03-09,235.0,640312,9163.0,1521,England,55491,16466210,"56,536,419"
707,2022-03-10,221.0,641726,9241.0,1414,England,54298,16520508,"56,536,419"
708,2022-03-11,221.0,643138,9369.0,1412,England,52270,16572778,"56,536,419"
709,2022-03-12,216.0,644506,9618.0,1368,England,49161,16621939,"56,536,419"
710,2022-03-13,215.0,646097,9908.0,1591,England,60271,16682210,"56,536,419"
711,2022-03-14,239.0,647748,10576.0,1651,England,79517,16761727,"56,536,419"
712,2022-03-15,235.0,649548,10877.0,1800,England,74101,16835828,"56,536,419"
713,2022-03-16,236.0,651371,11010.0,1823,England,73951,16909779,"56,536,419"
714,2022-03-17,249.0,653109,11346.0,1738,England,67687,16977466,"56,536,419"
715,2022-03-18,240.0,654738,11595.0,1629,England,61904,17039370,"56,536,419"
716,2022-03-19,231.0,656551,11638.0,1813,England,55211,17094581,"56,536,419"
717,2022-03-20,237.0,658344,12070.0,1793,England,66907,17161488,"56,536,419"
718,2022-03-21,252.0,660328,12753.0,1984,England,89907,17251395,"56,536,419"
719,2022-03-22,269.0,662426,13060.0,2098,England,81845,17333240,"56,536,419"
720,2022-03-23,260.0,664563,13248.0,2137,England,77600,17410840,"56,536,419"
721,2022-03-24,286.0,666569,13602.0,2006,England,68604,17479444,"56,536,419"
722,2022-03-25,290.0,668494,13842.0,1925,England,60256,17539700,"56,536,419"
723,2022-03-26,304.0,670363,13796.0,1869,England,51776,17591476,"56,536,419"
724,2022-03-27,303.0,672400,14465.0,2037,England,58000,17649476,"56,536,419"
725,2022-03-28,319.0,674680,15170.0,2280,England,78909,17728385,"56,536,419"
726,2022-03-29,325.0,676899,15411.0,2219,England,67441,17795826,"56,536,419"
727,2022-03-30,318.0,679254,15632.0,2355,England,62750,17858576,"56,536,419"
728,2022-03-31,311.0,681378,15648.0,2124,England,45879,17904455,"56,536,419"
729,2022-04-01,311.0,683224,15966.0,1846,England,40342,17944797,"56,536,419"
730,2022-04-02,308.0,685050,15739.0,1826,England,31609,17976406,"56,536,419"
731,2022-04-03,306.0,687153,15989.0,2103,England,35606,18012012,"56,536,419"
732,2022-04-04,306.0,689317,16466.0,2164,England,45140,18057152,"56,536,419"
733,2022-04-05,319.0,691625,16552.0,2308,England,40393,18097545,"56,536,419"
734,2022-04-06,317.0,693801,16587.0,2176,England,36891,18134436,"56,536,419"
735,2022-04-07,312.0,695800,16600.0,1999,England,31745,18166181,"56,536,419"
736,2022-04-08,315.0,697551,16366.0,1751,England,27391,18193572,"56,536,419"
737,2022-04-09,323.0,699253,15876.0,1702,England,23013,18216585,"56,536,419"
738,2022-04-10,329.0,701045,16039.0,1792,England,25641,18242226,"56,536,419"
739,2022-04-11,337.0,702954,16442.0,1909,England,30597,18272823,"56,536,419"
740,2022-04-12,339.0,704957,16131.0,2003,England,27382,18300205,"56,536,419"
741,2022-04-13,306.0,706855,15399.0,1898,England,25507,18325712,"56,536,419"
742,2022-04-14,299.0,708517,14955.0,1662,England,21434,18347146,"56,536,419"
743,2022-04-15,271.0,709933,14394.0,1416,England,17306,18364452,"56,536,419"
744,2022-04-16,285.0,711221,14335.0,1288,England,16091,18380543,"56,536,419"
745,2022-04-17,280.0,712568,14254.0,1347,England,16262,18396805,"56,536,419"
746,2022-04-18,274.0,714074,14183.0,1506,England,20566,18417371,"56,536,419"
747,2022-04-19,296.0,715509,14607.0,1435,England,20595,18437966,"56,536,419"
748,2022-04-20,309.0,716831,14164.0,1322,England,16973,18454939,"56,536,419"
749,2022-04-21,294.0,718095,13392.0,1264,England,14520,18469459,"56,536,419"
750,2022-04-22,283.0,719279,12883.0,1184,England,12526,18481985,"56,536,419"
751,2022-04-23,286.0,720366,12156.0,1087,England,10573,18492558,"56,536,419"
752,2022-04-24,287.0,721443,12083.0,1077,England,11867,18504425,"56,536,419"
753,2022-04-25,276.0,722581,11992.0,1138,England,13404,18517829,"56,536,419"
754,2022-04-26,276.0,723681,11320.0,1100,England,11293,18529122,"56,536,419"
755,2022-04-27,260.0,724763,10965.0,1082,England,10120,18539242,"56,536,419"
756,2022-04-28,252.0,725699,10432.0,936,England,9056,18548298,"56,536,419"
757,2022-04-29,259.0,726571,9938.0,872,England,7992,18556290,"56,536,419"
758,2022-04-30,265.0,727289,9499.0,718,England,6863,18563153,"56,536,419"
759,2022-05-01,256.0,728096,9355.0,807,England,7718,18570871,"56,536,419"
760,2022-05-02,248.0,728924,9326.0,828,England,10343,18581214,"56,536,419"
761,2022-05-03,237.0,729817,9243.0,893,England,11155,18592369,"56,536,419"
762,2022-05-04,241.0,730690,8950.0,873,England,9783,18602152,"56,536,419"
763,2022-05-05,224.0,731467,8596.0,777,England,8592,18610744,"56,536,419"
764,2022-05-06,211.0,732188,8170.0,721,England,7518,18618262,"56,536,419"
765,2022-05-07,199.0,732795,7768.0,607,England,6354,18624616,"56,536,419"
766,2022-05-08,199.0,733464,7715.0,669,England,7664,18632280,"56,536,419"
767,2022-05-09,187.0,734195,7647.0,731,England,8876,18641156,"56,536,419"
768,2022-05-10,175.0,734921,7363.0,726,England,8154,18649310,"56,536,419"
769,2022-05-11,170.0,735592,7034.0,671,England,7265,18656575,"56,536,419"
770,2022-05-12,162.0,736272,6602.0,680,England,6376,18662951,"56,536,419"
771,2022-05-13,162.0,736814,6366.0,542,England,5794,18668745,"56,536,419"
772,2022-05-14,168.0,737367,6147.0,553,England,5139,18673884,"56,536,419"
773,2022-05-15,170.0,737933,6158.0,566,England,6730,18680614,"56,536,419"
774,2022-05-16,159.0,738522,6024.0,589,England,7883,18688497,"56,536,419"
775,2022-05-17,173.0,739098,5733.0,576,England,6833,18695330,"56,536,419"
776,2022-05-18,161.0,739724,5425.0,626,England,6392,18701722,"56,536,419"
777,2022-05-19,165.0,740297,5356.0,573,England,5785,18707507,"56,536,419"
778,2022-05-20,171.0,740747,5187.0,450,England,5049,18712556,"56,536,419"
779,2022-05-21,164.0,741134,5065.0,387,England,4243,18716799,"56,536,419"
780,2022-05-22,156.0,741597,5047.0,463,England,5151,18721950,"56,536,419"
781,2022-05-23,150.0,742102,5010.0,505,England,6248,18728198,"56,536,419"
782,2022-05-24,142.0,742563,4639.0,461,England,5593,18733791,"56,536,419"
783,2022-05-25,137.0,743038,4489.0,475,England,5189,18738980,"56,536,419"
784,2022-05-26,134.0,743459,4365.0,421,England,4819,18743799,"56,536,419"
785,2022-05-27,134.0,743901,4197.0,442,England,4494,18748293,"56,536,419"
786,2022-05-28,127.0,744283,4013.0,382,England,4153,18752446,"56,536,419"
787,2022-05-29,124.0,744711,4018.0,428,England,4687,18757133,"56,536,419"
788,2022-05-30,121.0,745176,4091.0,465,England,5928,18763061,"56,536,419"
789,2022-05-31,119.0,745678,4036.0,502,England,5734,18768795,"56,536,419"
790,2022-06-01,123.0,746158,3800.0,480,England,5711,18774506,"56,536,419"
791,2022-06-02,126.0,746570,3841.0,412,England,5081,18779587,"56,536,419"
792,2022-06-03,125.0,746974,3849.0,404,England,5581,18785168,"56,536,419"
793,2022-06-04,111.0,747417,3835.0,443,England,6278,18791446,"56,536,419"
794,2022-06-05,113.0,747948,3965.0,531,England,8350,18799796,"56,536,419"
795,2022-06-06,120.0,748554,4126.0,606,England,9798,18809594,"56,536,419"
796,2022-06-07,116.0,749131,4108.0,577,England,9484,18819078,"56,536,419"
797,2022-06-08,124.0,749795,4096.0,664,England,9952,18829030,"56,536,419"
798,2022-06-09,127.0,750422,4082.0,627,England,9589,18838619,"56,536,419"
799,2022-06-10,117.0,751011,4262.0,589,England,9153,18847772,"56,536,419"
800,2022-06-11,125.0,751594,4257.0,583,England,8468,18856240,"56,536,419"
801,2022-06-12,126.0,752253,4408.0,659,England,10718,18866958,"56,536,419"
802,2022-06-13,128.0,752975,4602.0,722,England,12954,18879912,"56,536,419"
803,2022-06-14,130.0,753738,4722.0,763,England,12660,18892572,"56,536,419"
804,2022-06-15,132.0,754580,4843.0,842,England,12387,18904959,"56,536,419"
805,2022-06-16,130.0,755402,5008.0,822,England,11915,18916874,"56,536,419"
806,2022-06-17,120.0,756231,5037.0,829,England,11640,18928514,"56,536,419"
807,2022-06-18,138.0,757028,5183.0,797,England,11634,18940148,"56,536,419"
808,2022-06-19,139.0,757970,5436.0,942,England,14524,18954672,"56,536,419"
809,2022-06-20,150.0,759025,5726.0,1055,England,16918,18971590,"56,536,419"
810,2022-06-21,149.0,760180,6002.0,1155,England,17531,18989121,"56,536,419"
811,2022-06-22,149.0,761313,6177.0,1133,England,17764,19006885,"56,536,419"
812,2022-06-23,154.0,762523,6401.0,1210,England,16698,19023583,"56,536,419"
813,2022-06-24,168.0,763595,6752.0,1072,England,15626,19039209,"56,536,419"
814,2022-06-25,177.0,764606,6973.0,1011,England,14478,19053687,"56,536,419"
815,2022-06-26,188.0,765882,7455.0,1276,England,18039,19071726,"56,536,419"
816,2022-06-27,192.0,767320,7822.0,1438,England,21896,19093622,"56,536,419"
817,2022-06-28,205.0,768774,8120.0,1454,England,21869,19115491,"56,536,419"
818,2022-06-29,200.0,770346,8587.0,1572,England,21720,19137211,"56,536,419"
819,2022-06-30,211.0,771942,8928.0,1596,England,21513,19158724,"56,536,419"
820,2022-07-01,219.0,773268,9389.0,1326,England,21067,19179791,"56,536,419"
821,2022-07-02,213.0,774642,9632.0,1374,England,19586,19199377,"56,536,419"
822,2022-07-03,218.0,776437,9956.0,1795,England,25172,19224549,"56,536,419"
823,2022-07-04,223.0,778348,10658.0,1911,England,30388,19254937,"56,536,419"
824,2022-07-05,229.0,780274,11049.0,1926,England,28118,19283055,"56,536,419"
825,2022-07-06,217.0,782219,11465.0,1945,England,26741,19309796,"56,536,419"
826,2022-07-07,232.0,784186,11878.0,1967,England,24049,19333845,"56,536,419"
827,2022-07-08,228.0,785882,12283.0,1696,England,22173,19356018,"56,536,419"
828,2022-07-09,229.0,787483,12440.0,1601,England,19354,19375372,"56,536,419"
829,2022-07-10,250.0,789372,12879.0,1889,England,23046,19398418,"56,536,419"
830,2022-07-11,264.0,791377,13336.0,2005,England,27198,19425616,"56,536,419"
831,2022-07-12,264.0,793322,13621.0,1945,England,24377,19449993,"56,536,419"
832,2022-07-13,274.0,795268,13741.0,1946,England,21639,19471632,"56,536,419"
833,2022-07-14,282.0,797107,13807.0,1839,England,19340,19490972,"56,536,419"
834,2022-07-15,287.0,798594,13975.0,1487,England,16626,19507598,"56,536,419"
835,2022-07-16,305.0,799967,13701.0,1373,England,13677,19521275,"56,536,419"
836,2022-07-17,292.0,801661,13840.0,1694,England,15702,19536977,"56,536,419"
837,2022-07-18,307.0,803415,14044.0,1754,England,16919,19553896,"56,536,419"
838,2022-07-19,318.0,805249,13837.0,1834,England,14866,19568762,"56,536,419"
839,2022-07-20,287.0,806964,13545.0,1715,England,14533,19583295,"56,536,419"
840,2022-07-21,283.0,808514,13375.0,1550,England,12791,19596086,"56,536,419"
841,2022-07-22,292.0,809745,13182.0,1231,England,11177,19607263,"56,536,419"
842,2022-07-23,279.0,810884,12475.0,1139,England,8909,19616172,"56,536,419"
843,2022-07-24,300.0,812191,12591.0,1307,England,10216,19626388,"56,536,419"
844,2022-07-25,303.0,813536,12529.0,1345,England,11929,19638317,"56,536,419"
845,2022-07-26,290.0,814854,12113.0,1318,England,10482,19648799,"56,536,419"
846,2022-07-27,273.0,816051,11914.0,1197,England,9435,19658234,"56,536,419"
847,2022-07-28,268.0,817216,11437.0,1165,England,8339,19666573,"56,536,419"
848,2022-07-29,253.0,818212,11149.0,996,England,7585,19674158,"56,536,419"
849,2022-07-30,241.0,819148,10529.0,936,England,6612,19680770,"56,536,419"
850,2022-07-31,232.0,820286,10431.0,1138,England,7672,19688442,"56,536,419"
851,2022-08-01,245.0,821406,10417.0,1120,England,8814,19697256,"56,536,419"
852,2022-08-02,240.0,822468,10177.0,1062,England,8165,19705421,"56,536,419"
853,2022-08-03,232.0,823527,9817.0,1059,England,7419,19712840,"56,536,419"
854,2022-08-04,231.0,824544,9498.0,1017,England,6524,19719364,"56,536,419"
855,2022-08-05,229.0,825454,9152.0,910,England,5859,19725223,"56,536,419"
856,2022-08-06,221.0,826229,8806.0,775,England,4852,19730075,"56,536,419"
857,2022-08-07,217.0,827128,8805.0,899,England,5897,19735972,"56,536,419"
858,2022-08-08,222.0,828103,8888.0,975,England,7226,19743198,"56,536,419"
859,2022-08-09,233.0,829076,8624.0,973,England,6462,19749660,"56,536,419"
860,2022-08-10,216.0,830085,8487.0,1009,England,6003,19755663,"56,536,419"
861,2022-08-11,206.0,830986,8327.0,901,England,5446,19761109,"56,536,419"
862,2022-08-12,196.0,831726,8072.0,740,England,4781,19765890,"56,536,419"
863,2022-08-13,192.0,832488,7993.0,762,England,3978,19769868,"56,536,419"
864,2022-08-14,191.0,833247,8158.0,759,England,4781,19774649,"56,536,419"
865,2022-08-15,198.0,834108,8088.0,861,England,5606,19780255,"56,536,419"
866,2022-08-16,195.0,834926,7832.0,818,England,4845,19785100,"56,536,419"
867,2022-08-17,207.0,835714,7486.0,788,England,4421,19789521,"56,536,419"
868,2022-08-18,184.0,836406,7421.0,692,England,3989,19793510,"56,536,419"
869,2022-08-19,182.0,837054,7045.0,648,England,3492,19797002,"56,536,419"
870,2022-08-20,166.0,837639,6760.0,585,England,3059,19800061,"56,536,419"
871,2022-08-21,164.0,838244,6687.0,605,England,3547,19803608,"56,536,419"
872,2022-08-22,162.0,838914,6803.0,670,England,4575,19808183,"56,536,419"
873,2022-08-23,135.0,839621,6436.0,707,England,4076,19812259,"56,536,419"
874,2022-08-24,150.0,840264,6302.0,643,England,3913,19816172,"56,536,419"
875,2022-08-25,141.0,840910,6249.0,646,England,3266,19819438,"56,536,419"
876,2022-08-26,135.0,841422,5845.0,512,England,2997,19822435,"56,536,419"
877,2022-08-27,135.0,841897,5765.0,475,England,2606,19825041,"56,536,419"
878,2022-08-28,138.0,842436,5717.0,539,England,2882,19827923,"56,536,419"
879,2022-08-29,144.0,843038,5768.0,602,England,3936,19831859,"56,536,419"
880,2022-08-30,141.0,843650,5743.0,612,England,4473,19836332,"56,536,419"
881,2022-08-31,144.0,844230,5658.0,580,England,3975,19840307,"56,536,419"
882,2022-09-01,152.0,844764,5554.0,534,England,3760,19844067,"56,536,419"
883,2022-09-02,143.0,845230,5334.0,466,England,3239,19847306,"56,536,419"
884,2022-09-03,135.0,845669,5183.0,439,England,2971,19850277,"56,536,419"
885,2022-09-04,120.0,846140,5209.0,471,England,3759,19854036,"56,536,419"
886,2022-09-05,127.0,846666,5221.0,526,England,4385,19858421,"56,536,419"
887,2022-09-06,135.0,847203,5060.0,537,England,3940,19862361,"56,536,419"
888,2022-09-07,117.0,847744,4864.0,541,England,3749,19866110,"56,536,419"
889,2022-09-08,127.0,848252,4881.0,508,England,3250,19869360,"56,536,419"
890,2022-09-09,122.0,848674,4797.0,422,England,3103,19872463,"56,536,419"
891,2022-09-10,129.0,849082,4650.0,408,England,2861,19875324,"56,536,419"
892,2022-09-11,132.0,849581,4692.0,499,England,3890,19879214,"56,536,419"
893,2022-09-12,124.0,850100,4666.0,519,England,4758,19883972,"56,536,419"
894,2022-09-13,148.0,850680,4630.0,580,England,4601,19888573,"56,536,419"
895,2022-09-14,140.0,851266,4540.0,586,England,4453,19893026,"56,536,419"
896,2022-09-15,132.0,851819,4571.0,553,England,4200,19897226,"56,536,419"
897,2022-09-16,122.0,852295,4543.0,476,England,3729,19900955,"56,536,419"
898,2022-09-17,117.0,852779,4467.0,484,England,3188,19904143,"56,536,419"
899,2022-09-18,127.0,853334,4556.0,555,England,3943,19908086,"56,536,419"
900,2022-09-19,123.0,854115,4696.0,781,England,5702,19913788,"56,536,419"
901,2022-09-20,136.0,854941,4886.0,826,England,7200,19920988,"56,536,419"
902,2022-09-21,145.0,855799,5142.0,858,England,6940,19927928,"56,536,419"
903,2022-09-22,152.0,856645,5366.0,846,England,6294,19934222,"56,536,419"
904,2022-09-23,153.0,857349,5604.0,704,England,6006,19940228,"56,536,419"
905,2022-09-24,150.0,858076,5773.0,727,England,5309,19945537,"56,536,419"
906,2022-09-25,160.0,859047,6045.0,971,England,6737,19952274,"56,536,419"
907,2022-09-26,157.0,860045,6439.0,998,England,8042,19960316,"56,536,419"
908,2022-09-27,161.0,861090,6758.0,1045,England,7647,19967963,"56,536,419"
909,2022-09-28,160.0,862224,7024.0,1134,England,7806,19975769,"56,536,419"
910,2022-09-29,160.0,863382,7281.0,1158,England,7352,19983121,"56,536,419"
911,2022-09-30,155.0,864252,7672.0,870,England,7099,19990220,"56,536,419"
912,2022-10-01,161.0,865343,8069.0,1091,England,6564,19996784,"56,536,419"
913,2022-10-02,172.0,866605,8374.0,1262,England,8623,20005407,"56,536,419"
914,2022-10-03,189.0,867949,8854.0,1344,England,10881,20016288,"56,536,419"
915,2022-10-04,192.0,869367,9287.0,1418,England,10246,20026534,"56,536,419"
916,2022-10-05,195.0,870626,9631.0,1259,England,9544,20036078,"56,536,419"
917,2022-10-06,192.0,871789,9922.0,1163,England,8819,20044897,"56,536,419"
918,2022-10-07,199.0,872735,10070.0,946,England,8333,20053230,"56,536,419"
919,2022-10-08,207.0,873620,10049.0,885,England,6581,20059811,"56,536,419"
920,2022-10-09,201.0,874872,10181.0,1252,England,8014,20067825,"56,536,419"
921,2022-10-10,209.0,876147,10397.0,1275,England,9835,20077660,"56,536,419"
922,2022-10-11,224.0,877354,10522.0,1207,England,8781,20086441,"56,536,419"
923,2022-10-12,221.0,878504,10608.0,1150,England,8124,20094565,"56,536,419"
924,2022-10-13,232.0,879751,10524.0,1247,England,7563,20102128,"56,536,419"
925,2022-10-14,224.0,880729,10420.0,978,England,7343,20109471,"56,536,419"
926,2022-10-15,221.0,881629,10502.0,900,England,6005,20115476,"56,536,419"
927,2022-10-16,217.0,882835,10584.0,1206,England,7257,20122733,"56,536,419"
928,2022-10-17,207.0,883956,10688.0,1121,England,9301,20132034,"56,536,419"
929,2022-10-18,200.0,885057,10594.0,1101,England,7667,20139701,"56,536,419"
930,2022-10-19,206.0,886121,10387.0,1064,England,7042,20146743,"56,536,419"
931,2022-10-20,193.0,887174,10129.0,1053,England,6075,20152818,"56,536,419"
932,2022-10-21,194.0,888005,9935.0,831,England,5759,20158577,"56,536,419"
933,2022-10-22,197.0,888790,9777.0,785,England,4527,20163104,"56,536,419"
934,2022-10-23,195.0,889674,9755.0,884,England,5011,20168115,"56,536,419"
935,2022-10-24,203.0,890544,9692.0,870,England,6147,20174262,"56,536,419"
936,2022-10-25,229.0,891407,9373.0,863,England,5181,20179443,"56,536,419"
937,2022-10-26,222.0,892264,9131.0,857,England,4924,20184367,"56,536,419"
938,2022-10-27,220.0,893037,8860.0,773,England,4372,20188739,"56,536,419"
939,2022-10-28,217.0,893595,8663.0,558,England,3916,20192655,"56,536,419"
940,2022-10-29,214.0,894113,8324.0,518,England,3227,20195882,"56,536,419"
941,2022-10-30,205.0,894753,8235.0,640,England,3827,20199709,"56,536,419"
942,2022-10-31,181.0,895383,8019.0,630,England,4633,20204342,"56,536,419"
943,2022-11-01,182.0,896072,7591.0,689,England,4091,20208433,"56,536,419"
944,2022-11-02,175.0,896643,7296.0,571,England,3599,20212032,"56,536,419"
945,2022-11-03,166.0,897211,6969.0,568,England,3261,20215293,"56,536,419"
946,2022-11-04,161.0,897621,6641.0,410,England,2760,20218053,"56,536,419"
947,2022-11-05,151.0,898017,6358.0,396,England,2374,20220427,"56,536,419"
948,2022-11-06,152.0,898517,6234.0,500,England,2917,20223344,"56,536,419"
949,2022-11-07,154.0,899115,6075.0,598,England,3879,20227223,"56,536,419"
950,2022-11-08,150.0,899665,5905.0,550,England,3380,20230603,"56,536,419"
951,2022-11-09,150.0,900200,5647.0,535,England,3185,20233788,"56,536,419"
952,2022-11-10,149.0,900750,5547.0,550,England,2806,20236594,"56,536,419"
953,2022-11-11,137.0,901185,5372.0,435,England,2562,20239156,"56,536,419"
954,2022-11-12,139.0,901555,5258.0,370,England,2172,20241328,"56,536,419"
955,2022-11-13,139.0,902000,5269.0,445,England,2647,20243975,"56,536,419"
956,2022-11-14,130.0,902522,5284.0,522,England,3494,20247469,"56,536,419"
957,2022-11-15,132.0,903016,5165.0,494,England,3160,20250629,"56,536,419"
958,2022-11-16,122.0,903558,5010.0,542,England,2933,20253562,"56,536,419"
959,2022-11-17,124.0,904074,4842.0,516,England,2703,20256265,"56,536,419"
960,2022-11-18,129.0,904511,4771.0,437,England,2501,20258766,"56,536,419"
961,2022-11-19,123.0,904906,4696.0,395,England,2207,20260973,"56,536,419"
962,2022-11-20,120.0,905340,4706.0,434,England,2613,20263586,"56,536,419"
963,2022-11-21,103.0,905843,4709.0,503,England,3549,20267135,"56,536,419"
964,2022-11-22,134.0,906390,4678.0,547,England,3451,20270586,"56,536,419"
965,2022-11-23,117.0,906926,4600.0,536,England,3240,20273826,"56,536,419"
966,2022-11-24,122.0,907448,4701.0,522,England,3007,20276833,"56,536,419"
967,2022-11-25,129.0,907891,4638.0,443,England,2638,20279471,"56,536,419"
968,2022-11-26,125.0,908329,4568.0,438,England,2304,20281775,"56,536,419"
969,2022-11-27,128.0,908886,4639.0,557,England,3152,20284927,"56,536,419"
970,2022-11-28,111.0,909525,4775.0,639,England,4237,20289164,"56,536,419"
971,2022-11-29,117.0,910186,4847.0,661,England,3972,20293136,"56,536,419"
972,2022-11-30,128.0,910776,4964.0,590,England,3608,20296744,"56,536,419"
973,2022-12-01,134.0,911359,4990.0,583,England,3214,20299958,"56,536,419"
974,2022-12-02,135.0,911827,5027.0,468,England,3275,20303233,"56,536,419"
975,2022-12-03,124.0,912325,5022.0,498,England,2481,20305714,"56,536,419"
976,2022-12-04,127.0,912914,5155.0,589,England,3409,20309123,"56,536,419"
977,2022-12-05,129.0,913638,5285.0,724,England,4850,20313973,"56,536,419"
978,2022-12-06,127.0,914417,5382.0,779,England,4761,20318734,"56,536,419"
979,2022-12-07,119.0,915165,5501.0,748,England,4640,20323374,"56,536,419"
980,2022-12-08,118.0,915862,5632.0,697,England,4092,20327466,"56,536,419"
981,2022-12-09,113.0,916469,5771.0,607,England,3824,20331290,"56,536,419"
982,2022-12-10,112.0,917051,5920.0,582,England,3286,20334576,"56,536,419"
983,2022-12-11,118.0,917923,6057.0,872,England,4223,20338799,"56,536,419"
984,2022-12-12,129.0,918888,6171.0,965,England,6356,20345155,"56,536,419"
985,2022-12-13,142.0,919914,6369.0,1026,England,6483,20351638,"56,536,419"
986,2022-12-14,150.0,920877,6720.0,963,England,5962,20357600,"56,536,419"
987,2022-12-15,155.0,921941,6924.0,1064,England,5549,20363149,"56,536,419"
988,2022-12-16,156.0,922775,7157.0,834,England,5525,20368674,"56,536,419"
989,2022-12-17,163.0,923574,7396.0,799,England,4273,20372947,"56,536,419"
990,2022-12-18,166.0,924750,7688.0,1176,England,5212,20378159,"56,536,419"
991,2022-12-19,175.0,926046,8006.0,1296,England,8240,20386399,"56,536,419"
992,2022-12-20,171.0,927422,8340.0,1376,England,7836,20394235,"56,536,419"
993,2022-12-21,174.0,928715,8643.0,1293,England,7042,20401277,"56,536,419"
994,2022-12-22,180.0,929951,8919.0,1236,England,6241,20407518,"56,536,419"
995,2022-12-23,178.0,930850,9047.0,899,England,5225,20412743,"56,536,419"
996,2022-12-24,177.0,931630,9044.0,780,England,3777,20416520,"56,536,419"
997,2022-12-25,162.0,932474,8979.0,844,England,3382,20419902,"56,536,419"
998,2022-12-26,178.0,933462,9178.0,988,England,4499,20424401,"56,536,419"
999,2022-12-27,187.0,934596,9250.0,1134,England,5977,20430378,"56,536,419"
1000,2022-12-28,209.0,935841,9459.0,1245,England,7609,20437987,"56,536,419"
1001,2022-12-29,213.0,937066,9535.0,1225,England,6953,20444940,"56,536,419"
1002,2022-12-30,223.0,938006,9530.0,940,England,5524,20450464,"56,536,419"
1003,2022-12-31,208.0,938729,9360.0,723,England,3891,20454355,"56,536,419"
1004,2023-01-01,220.0,939513,9417.0,784,England,3338,20457693,"56,536,419"
1005,2023-01-02,227.0,940429,9431.0,916,England,4636,20462329,"56,536,419"
1006,2023-01-03,218.0,941421,9291.0,992,England,5739,20468068,"56,536,419"
1007,2023-01-04,212.0,942343,9332.0,922,England,5009,20473077,"56,536,419"
1008,2023-01-05,202.0,943242,9072.0,899,England,4168,20477245,"56,536,419"
1009,2023-01-06,209.0,943947,8671.0,705,England,3412,20480657,"56,536,419"
1010,2023-01-07,202.0,944575,8547.0,628,England,2417,20483074,"56,536,419"
1011,2023-01-08,189.0,945351,8396.0,776,England,2501,20485575,"56,536,419"
1012,2023-01-09,195.0,946088,8368.0,737,England,3212,20488787,"56,536,419"
1013,2023-01-10,191.0,946749,8034.0,661,England,2803,20491590,"56,536,419"
1014,2023-01-11,182.0,947441,7743.0,692,England,2373,20493963,"56,536,419"
1015,2023-01-12,169.0,948105,7421.0,664,England,2204,20496167,"56,536,419"
1016,2023-01-13,166.0,948615,7164.0,510,England,1905,20498072,"56,536,419"
1017,2023-01-14,147.0,949032,6863.0,417,England,1327,20499399,"56,536,419"
1018,2023-01-15,137.0,949599,6780.0,567,England,1673,20501072,"56,536,419"
1019,2023-01-16,153.0,950198,6721.0,599,England,2307,20503379,"56,536,419"
1020,2023-01-17,148.0,950763,6593.0,565,England,1988,20505367,"56,536,419"
1021,2023-01-18,146.0,951358,6299.0,595,England,1901,20507268,"56,536,419"
1022,2023-01-19,142.0,951976,5996.0,618,England,1808,20509076,"56,536,419"
1023,2023-01-20,133.0,952423,5888.0,447,England,1699,20510775,"56,536,419"
1024,2023-01-21,138.0,952916,5706.0,493,England,1400,20512175,"56,536,419"
1025,2023-01-22,146.0,953506,5697.0,590,England,1747,20513922,"56,536,419"
1026,2023-01-23,142.0,954123,5817.0,617,England,2382,20516304,"56,536,419"
1027,2023-01-24,136.0,954818,5639.0,695,England,2550,20518854,"56,536,419"
1028,2023-01-25,126.0,955524,5632.0,706,England,2422,20521276,"56,536,419"
1029,2023-01-26,133.0,956178,5683.0,654,England,2338,20523614,"56,536,419"
1030,2023-01-27,131.0,956736,5708.0,558,England,2270,20525884,"56,536,419"
1031,2023-01-28,140.0,957298,5750.0,562,England,1802,20527686,"56,536,419"
1032,2023-01-29,145.0,958003,5834.0,705,England,2249,20529935,"56,536,419"
1033,2023-01-30,142.0,958744,5959.0,741,England,3270,20533205,"56,536,419"
1034,2023-01-31,136.0,959496,6015.0,752,England,3280,20536485,"56,536,419"
1035,2023-02-01,136.0,960276,6055.0,780,England,3214,20539699,"56,536,419"
1036,2023-02-02,142.0,960989,6197.0,713,England,2956,20542655,"56,536,419"
1037,2023-02-03,139.0,961562,6288.0,573,England,2751,20545406,"56,536,419"
1038,2023-02-04,137.0,962230,6203.0,668,England,2223,20547629,"56,536,419"
1039,2023-02-05,134.0,962977,6332.0,747,England,2616,20550245,"56,536,419"
1040,2023-02-06,128.0,963802,6484.0,825,England,3621,20553866,"56,536,419"
1041,2023-02-07,132.0,964619,6405.0,817,England,3395,20557261,"56,536,419"
1042,2023-02-08,117.0,965387,6382.0,768,England,3335,20560596,"56,536,419"
1043,2023-02-09,118.0,966205,6403.0,818,England,3043,20563639,"56,536,419"
1044,2023-02-10,133.0,966848,6455.0,643,England,3051,20566690,"56,536,419"
1045,2023-02-11,128.0,967591,6473.0,743,England,2396,20569086,"56,536,419"
1046,2023-02-12,123.0,968457,6725.0,866,England,2920,20572006,"56,536,419"
1047,2023-02-13,129.0,969406,6953.0,949,England,4549,20576555,"56,536,419"
1048,2023-02-14,140.0,970318,7031.0,912,England,4356,20580911,"56,536,419"
1049,2023-02-15,137.0,971296,7209.0,978,England,3894,20584805,"56,536,419"
1050,2023-02-16,139.0,972255,7277.0,959,England,4005,20588810,"56,536,419"
1051,2023-02-17,134.0,973040,7371.0,785,England,3780,20592590,"56,536,419"
1052,2023-02-18,137.0,973789,7484.0,749,England,2907,20595497,"56,536,419"
1053,2023-02-19,146.0,974701,7665.0,912,England,3435,20598932,"56,536,419"
1054,2023-02-20,149.0,975684,7919.0,983,England,4552,20603484,"56,536,419"
1055,2023-02-21,154.0,976651,7906.0,967,England,4326,20607810,"56,536,419"
1056,2023-02-22,164.0,977530,8015.0,879,England,3855,20611665,"56,536,419"
1057,2023-02-23,155.0,978375,8107.0,845,England,3475,20615140,"56,536,419"
1058,2023-02-24,156.0,979040,7598.0,665,England,3112,20618252,"56,536,419"
1059,2023-02-25,156.0,979769,7486.0,729,England,2529,20620781,"56,536,419"
1060,2023-02-26,163.0,980662,7580.0,893,England,2901,20623682,"56,536,419"
1061,2023-02-27,168.0,981595,7622.0,933,England,4319,20628001,"56,536,419"
1062,2023-02-28,169.0,982537,7598.0,942,England,4147,20632148,"56,536,419"
1063,2023-03-01,175.0,983530,7507.0,993,England,3973,20636121,"56,536,419"
1064,2023-03-02,166.0,984477,7522.0,947,England,3565,20639686,"56,536,419"
1065,2023-03-03,158.0,985227,7468.0,750,England,3421,20643107,"56,536,419"
1066,2023-03-04,141.0,985970,7330.0,743,England,2572,20645679,"56,536,419"
1067,2023-03-05,147.0,986844,7470.0,874,England,3155,20648834,"56,536,419"
1068,2023-03-06,152.0,987883,7572.0,1039,England,4577,20653411,"56,536,419"
1069,2023-03-07,158.0,988928,7588.0,1045,England,4455,20657866,"56,536,419"
1070,2023-03-08,166.0,990050,7655.0,1122,England,4318,20662184,"56,536,419"
1071,2023-03-09,167.0,991028,7619.0,978,England,3961,20666145,"56,536,419"
1072,2023-03-10,180.0,991811,7935.0,783,England,3592,20669737,"56,536,419"
1073,2023-03-11,167.0,992681,7866.0,870,England,3084,20672821,"56,536,419"
1074,2023-03-12,188.0,993752,7989.0,1071,England,4026,20676847,"56,536,419"
1075,2023-03-13,174.0,994941,8253.0,1189,England,5289,20682136,"56,536,419"
1076,2023-03-14,183.0,996041,8362.0,1100,England,5072,20687208,"56,536,419"
1077,2023-03-15,184.0,997052,8434.0,1011,England,4371,20691579,"56,536,419"
1078,2023-03-16,179.0,998128,8378.0,1076,England,4351,20695930,"56,536,419"
1079,2023-03-17,172.0,998970,8340.0,842,England,3718,20699648,"56,536,419"
1080,2023-03-18,176.0,999823,8339.0,853,England,3105,20702753,"56,536,419"
1081,2023-03-19,174.0,1000872,8441.0,1049,England,3683,20706436,"56,536,419"
1082,2023-03-20,175.0,1001891,8631.0,1019,England,4730,20711166,"56,536,419"
1083,2023-03-21,173.0,1002956,8576.0,1065,England,4747,20715913,"56,536,419"
1084,2023-03-22,172.0,1003984,8387.0,1028,England,4323,20720236,"56,536,419"
1085,2023-03-23,176.0,1004995,8403.0,1011,England,3969,20724205,"56,536,419"
1086,2023-03-24,170.0,1005757,8304.0,762,England,3744,20727949,"56,536,419"
1087,2023-03-25,178.0,1006487,8234.0,730,England,2748,20730697,"56,536,419"
1088,2023-03-26,179.0,1007312,8265.0,825,England,3156,20733853,"56,536,419"
1089,2023-03-27,179.0,1008198,8316.0,886,England,3924,20737777,"56,536,419"
1090,2023-03-28,185.0,1009132,8080.0,934,England,3597,20741374,"56,536,419"
1091,2023-03-29,192.0,1010153,7963.0,1021,England,3438,20744812,"56,536,419"
1092,2023-03-30,193.0,1011000,7777.0,847,England,3050,20747862,"56,536,419"
1093,2023-03-31,186.0,1011699,7759.0,699,England,2509,20750371,"56,536,419"
1094,2023-04-01,164.0,1012417,7520.0,718,England,2083,20752454,"56,536,419"
1095,2023-04-02,170.0,1013188,7556.0,771,England,2249,20754703,"56,536,419"
1096,2023-04-03,166.0,1013958,7566.0,770,England,2457,20757160,"56,536,419"
1097,2023-04-04,165.0,1014744,7455.0,786,England,2185,20759345,"56,536,419"
1098,2023-04-05,165.0,1015518,7005.0,774,England,2237,20761582,"56,536,419"
1099,2023-04-06,137.0,1016137,6829.0,619,England,1966,20763548,"56,536,419"
1100,2023-04-07,144.0,1016657,6599.0,520,England,1599,20765147,"56,536,419"
1101,2023-04-08,145.0,1017183,6462.0,526,England,1531,20766678,"56,536,419"
1102,2023-04-09,136.0,1017795,6372.0,612,England,1643,20768321,"56,536,419"
1103,2023-04-10,143.0,1018514,7029.0,719,England,2133,20770454,"56,536,419"
1104,2023-04-11,138.0,1019237,6593.0,723,England,2281,20772735,"56,536,419"
1105,2023-04-12,135.0,1019865,6428.0,628,England,2055,20774790,"56,536,419"
1106,2023-04-13,138.0,1020485,6277.0,620,England,1880,20776670,"56,536,419"
1107,2023-04-14,143.0,1020977,6013.0,492,England,1553,20778223,"56,536,419"
1108,2023-04-15,142.0,1021486,5793.0,509,England,1271,20779494,"56,536,419"
1109,2023-04-16,152.0,1022062,5764.0,576,England,1788,20781282,"56,536,419"
1110,2023-04-17,134.0,1022721,5756.0,659,England,2059,20783341,"56,536,419"
1111,2023-04-18,126.0,1023278,5619.0,557,England,1803,20785144,"56,536,419"
1112,2023-04-19,118.0,1023844,5590.0,566,England,1704,20786848,"56,536,419"
1113,2023-04-20,114.0,1024337,5412.0,493,England,1488,20788336,"56,536,419"
1114,2023-04-21,112.0,1024765,5182.0,428,England,1343,20789679,"56,536,419"
1115,2023-04-22,109.0,1025176,4988.0,411,England,1191,20790870,"56,536,419"
1116,2023-04-23,120.0,1025746,4978.0,570,England,1432,20792302,"56,536,419"
1117,2023-04-24,99.0,1026271,5043.0,525,England,1706,20794008,"56,536,419"
1118,2023-04-25,96.0,1026782,4924.0,511,England,1604,20795612,"56,536,419"
1119,2023-04-26,101.0,1027321,4809.0,539,England,1569,20797181,"56,536,419"
1120,2023-04-27,105.0,1027846,4710.0,525,England,1514,20798695,"56,536,419"
1121,2023-04-28,94.0,1028250,4631.0,404,England,1369,20800064,"56,536,419"
1122,2023-04-29,94.0,1028644,4395.0,394,England,1211,20801275,"56,536,419"
1123,2023-04-30,110.0,1029072,4554.0,428,England,1240,20802515,"56,536,419"
1124,2023-05-01,110.0,1029589,4592.0,517,England,1651,20804166,"56,536,419"
1125,2023-05-02,118.0,1030094,4646.0,505,England,1777,20805943,"56,536,419"
1126,2023-05-03,124.0,1030544,4585.0,450,England,1526,20807469,"56,536,419"
1127,2023-05-04,113.0,1030987,4431.0,443,England,1479,20808948,"56,536,419"
1128,2023-05-05,100.0,1031393,4350.0,406,England,1198,20810146,"56,536,419"
1129,2023-05-06,104.0,1031775,4253.0,382,England,934,20811080,"56,536,419"
1130,2023-05-07,107.0,1032135,4224.0,360,England,1109,20812189,"56,536,419"
1131,2023-05-08,102.0,1032591,4292.0,456,England,1328,20813517,"56,536,419"
1132,2023-05-09,97.0,1033048,4223.0,457,England,1447,20814964,"56,536,419"
1133,2023-05-10,100.0,1033507,4207.0,459,England,1267,20816231,"56,536,419"
1134,2023-05-11,88.0,1033913,3980.0,406,England,1196,20817427,"56,536,419"
1135,2023-05-12,102.0,1034222,3928.0,309,England,948,20818375,"56,536,419"
1136,2023-05-13,105.0,1034493,3825.0,271,England,782,20819157,"56,536,419"
1137,2023-05-14,99.0,1034838,3802.0,345,England,1030,20820187,"56,536,419"
1138,2023-05-15,96.0,1035212,3719.0,374,England,1139,20821326,"56,536,419"
1139,2023-05-16,102.0,1035595,3632.0,383,England,1069,20822395,"56,536,419"
1140,2023-05-17,89.0,1035945,3550.0,350,England,991,20823386,"56,536,419"
1141,2023-05-18,90.0,1036288,3471.0,343,England,974,20824360,"56,536,419"
1142,2023-05-19,92.0,1036541,3362.0,253,England,881,20825241,"56,536,419"
1143,2023-05-20,88.0,1036788,3246.0,247,England,717,20825958,"56,536,419"
1144,2023-05-21,84.0,1037116,3207.0,328,England,881,20826839,"56,536,419"
1145,2023-05-22,81.0,1037480,3133.0,364,England,1095,20827934,"56,536,419"
1146,2023-05-23,85.0,1037861,3114.0,381,England,1041,20828975,"56,536,419"
1147,2023-05-24,81.0,1038201,3116.0,340,England,922,20829897,"56,536,419"
1148,2023-05-25,82.0,1038523,3009.0,322,England,821,20830718,"56,536,419"
1149,2023-05-26,79.0,1038769,2983.0,246,England,708,20831426,"56,536,419"
1150,2023-05-27,79.0,1038988,2820.0,219,England,567,20831993,"56,536,419"
1151,2023-05-28,75.0,1039245,2772.0,257,England,596,20832589,"56,536,419"
1152,2023-05-29,67.0,1039544,2831.0,299,England,746,20833335,"56,536,419"
1153,2023-05-30,69.0,1039861,2775.0,317,England,780,20834115,"56,536,419"
1154,2023-05-31,77.0,1040151,2780.0,290,England,813,20834928,"56,536,419"
