date,newHospCase,MV_beds,total_admission,total_beds
01-Aug-20,5,9,9,117
02-Aug-20,14,8,14,120
03-Aug-20,23,7,25,115
04-Aug-20,13,7,16,123
05-Aug-20,4,7,6,128
06-Aug-20,13,6,15,132
07-Aug-20,9,7,11,111
08-Aug-20,8,8,8,117
09-Aug-20,12,7,14,117
10-Aug-20,9,5,10,121
11-Aug-20,13,4,14,114
12-Aug-20,13,4,13,108
13-Aug-20,6,4,6,114
14-Aug-20,7,5,8,108
15-Aug-20,7,6,8,102
16-Aug-20,7,6,7,102
17-Aug-20,4,7,8,99
18-Aug-20,6,7,10,90
19-Aug-20,5,7,5,88
20-Aug-20,8,8,10,82
21-Aug-20,8,7,10,82
22-Aug-20,4,6,4,154
23-Aug-20,7,5,7,82
24-Aug-20,8,5,8,83
25-Aug-20,12,6,12,79
26-Aug-20,11,7,12,79
27-Aug-20,10,9,11,83
28-Aug-20,7,9,7,80
29-Aug-20,7,10,7,84
30-Aug-20,9,10,9,82
31-Aug-20,11,10,11,82
01-Sep-20,14,9,14,81
02-Sep-20,7,11,9,84
03-Sep-20,7,11,10,86
04-Sep-20,12,11,13,89
05-Sep-20,8,12,9,89
06-Sep-20,9,13,10,90
07-Sep-20,15,17,17,100
08-Sep-20,23,15,25,84
09-Sep-20,33,14,34,92
10-Sep-20,24,14,29,95
11-Sep-20,27,12,30,117
12-Sep-20,30,14,32,130
13-Sep-20,26,15,29,143
14-Sep-20,36,16,38,155
15-Sep-20,44,18,49,155
16-Sep-20,40,15,41,188
17-Sep-20,55,15,59,208
18-Sep-20,62,18,64,214
19-Sep-20,45,21,50,226
20-Sep-20,65,28,67,254
21-Sep-20,73,33,80,285
22-Sep-20,57,42,58,303
23-Sep-20,83,41,89,313
24-Sep-20,59,43,65,337
25-Sep-20,59,45,64,379
26-Sep-20,59,47,68,393
27-Sep-20,68,52,72,420
28-Sep-20,78,55,82,444
29-Sep-20,97,57,104,429
30-Sep-20,85,65,94,474
01-Oct-20,73,69,88,502
02-Oct-20,91,75,100,544
03-Oct-20,107,77,117,584
04-Oct-20,123,78,126,586
05-Oct-20,110,76,123,673
06-Oct-20,155,81,161,741
07-Oct-20,122,94,140,790
08-Oct-20,108,92,125,836
09-Oct-20,136,90,146,804
10-Oct-20,135,97,145,874
11-Oct-20,168,99,180,940
12-Oct-20,162,104,173,"1,025"
13-Oct-20,171,104,183,"1,054"
14-Oct-20,153,116,167,"1,092"
15-Oct-20,173,118,184,"1,147"
16-Oct-20,140,107,159,"1,169"
17-Oct-20,200,109,210,"1,200"
18-Oct-20,210,113,219,"1,269"
19-Oct-20,208,110,222,"1,362"
20-Oct-20,255,113,274,"1,436"
21-Oct-20,245,109,271,"1,496"
22-Oct-20,230,112,242,"1,574"
23-Oct-20,242,105,254,"1,638"
24-Oct-20,256,113,277,"1,730"
25-Oct-20,303,128,320,"1,851"
26-Oct-20,301,138,323,"2,004"
27-Oct-20,279,147,301,"2,116"
28-Oct-20,342,150,357,"2,204"
29-Oct-20,313,157,337,"2,216"
30-Oct-20,241,148,262,"2,299"
31-Oct-20,295,150,325,"2,482"
01-Nov-20,330,140,348,"2,209"
02-Nov-20,342,167,362,"2,624"
03-Nov-20,338,183,362,"2,721"
04-Nov-20,332,194,351,"2,732"
05-Nov-20,317,197,345,"2,802"
06-Nov-20,303,184,324,"2,798"
07-Nov-20,319,195,337,"3,012"
08-Nov-20,344,197,360,"2,934"
09-Nov-20,373,204,407,"3,057"
10-Nov-20,432,198,464,"2,946"
11-Nov-20,415,210,440,"3,141"
12-Nov-20,341,208,362,"3,228"
13-Nov-20,362,211,381,"3,268"
14-Nov-20,330,216,355,"3,109"
15-Nov-20,354,229,376,"3,327"
16-Nov-20,375,236,402,"3,473"
17-Nov-20,312,249,335,"3,472"
18-Nov-20,341,247,362,"3,417"
19-Nov-20,316,251,345,"3,342"
20-Nov-20,319,246,350,"3,297"
21-Nov-20,266,239,280,"3,270"
22-Nov-20,261,240,275,"3,353"
23-Nov-20,296,244,309,"3,437"
24-Nov-20,264,247,275,"3,245"
25-Nov-20,247,230,264,"3,137"
26-Nov-20,252,223,263,"3,030"
27-Nov-20,219,207,236,"2,932"
28-Nov-20,198,211,220,"2,859"
29-Nov-20,232,204,246,"2,862"
30-Nov-20,228,189,242,"2,876"
01-Dec-20,231,185,241,"2,814"
02-Dec-20,212,186,231,"2,732"
03-Dec-20,229,167,246,"2,551"
04-Dec-20,182,175,198,"2,590"
05-Dec-20,226,169,239,"2,498"
06-Dec-20,219,172,226,"2,545"
07-Dec-20,243,175,256,"2,617"
08-Dec-20,232,173,248,"2,566"
09-Dec-20,235,160,248,"2,526"
10-Dec-20,200,151,214,"2,442"
11-Dec-20,223,149,238,"2,386"
12-Dec-20,242,139,249,"2,309"
13-Dec-20,241,147,256,"2,353"
14-Dec-20,285,145,301,"2,483"
15-Dec-20,249,144,271,"2,482"
16-Dec-20,245,142,260,"2,505"
17-Dec-20,218,145,231,"2,494"
18-Dec-20,216,137,230,"2,396"
19-Dec-20,229,152,248,"2,413"
20-Dec-20,244,149,256,"2,464"
21-Dec-20,263,149,272,"2,530"
22-Dec-20,274,154,294,"2,496"
23-Dec-20,230,148,250,"2,457"
24-Dec-20,179,139,192,"2,359"
25-Dec-20,223,139,234,"2,233"
26-Dec-20,265,149,282,"2,257"
27-Dec-20,284,144,298,"2,328"
28-Dec-20,294,159,309,"2,437"
29-Dec-20,352,156,363,"2,528"
30-Dec-20,298,166,311,"2,573"
31-Dec-20,288,169,300,"2,562"
01-Jan-21,322,179,338,"2,532"
02-Jan-21,294,177,312,"2,624"
03-Jan-21,324,189,335,"2,710"
04-Jan-21,375,192,388,"2,828"
05-Jan-21,367,190,378,"2,860"
06-Jan-21,383,204,399,"2,865"
07-Jan-21,442,208,453,"2,923"
08-Jan-21,349,221,370,"3,217"
09-Jan-21,389,208,407,"2,917"
10-Jan-21,436,236,446,"3,228"
11-Jan-21,440,246,466,"3,392"
12-Jan-21,444,258,463,"3,429"
13-Jan-21,376,272,393,"3,476"
14-Jan-21,398,277,416,"3,455"
15-Jan-21,380,284,416,"3,584"
16-Jan-21,445,280,464,"3,567"
17-Jan-21,429,282,445,"3,604"
18-Jan-21,439,298,462,"3,796"
19-Jan-21,471,316,492,"3,830"
20-Jan-21,450,328,472,"3,818"
21-Jan-21,409,322,431,"3,814"
22-Jan-21,338,325,364,"3,793"
23-Jan-21,334,340,360,"3,732"
24-Jan-21,391,339,416,"3,732"
25-Jan-21,327,336,345,"3,891"
26-Jan-21,351,336,380,"3,841"
27-Jan-21,333,319,360,"3,654"
28-Jan-21,332,309,355,"3,593"
29-Jan-21,316,314,354,"3,521"
30-Jan-21,283,317,312,"3,484"
31-Jan-21,243,319,266,"3,506"
01-Feb-21,305,317,334,"3,496"
02-Feb-21,283,319,308,"3,402"
03-Feb-21,308,326,333,"3,330"
04-Feb-21,277,322,301,"3,255"
05-Feb-21,230,316,254,"3,183"
06-Feb-21,255,307,274,"3,066"
07-Feb-21,227,306,250,"3,057"
08-Feb-21,246,308,264,"3,148"
09-Feb-21,250,297,272,"2,978"
10-Feb-21,218,302,242,"2,847"
11-Feb-21,192,308,217,"2,817"
12-Feb-21,218,293,240,"2,723"
13-Feb-21,185,296,199,"2,589"
14-Feb-21,196,293,214,"2,547"
15-Feb-21,199,294,225,"2,536"
16-Feb-21,206,287,222,"2,420"
17-Feb-21,184,280,197,"2,391"
18-Feb-21,191,278,214,"2,305"
19-Feb-21,154,263,167,"2,197"
20-Feb-21,153,252,168,"2,155"
21-Feb-21,149,252,163,"2,163"
22-Feb-21,176,248,194,"2,118"
23-Feb-21,160,247,172,"2,076"
24-Feb-21,133,237,145,"1,947"
25-Feb-21,158,232,172,"1,894"
26-Feb-21,139,231,159,"1,800"
27-Feb-21,143,225,152,"1,736"
28-Feb-21,126,219,132,"1,747"
01-Mar-21,123,217,130,"1,742"
02-Mar-21,113,200,121,"1,629"
03-Mar-21,130,199,140,"1,552"
04-Mar-21,108,202,121,"1,444"
05-Mar-21,88,202,96,"1,380"
06-Mar-21,104,182,108,"1,288"
07-Mar-21,88,176,93,"1,248"
08-Mar-21,94,169,101,"1,265"
09-Mar-21,95,165,103,"1,221"
10-Mar-21,93,145,102,"1,082"
11-Mar-21,86,143,91,"1,077"
12-Mar-21,76,131,84,"1,049"
13-Mar-21,75,131,82,"1,003"
14-Mar-21,62,122,69,993
15-Mar-21,79,115,85,985
16-Mar-21,79,112,82,910
17-Mar-21,83,107,87,862
18-Mar-21,77,100,88,838
19-Mar-21,45,94,51,776
20-Mar-21,51,95,54,754
21-Mar-21,61,96,65,730
22-Mar-21,53,95,57,737
23-Mar-21,64,93,74,675
24-Mar-21,67,82,69,637
25-Mar-21,60,84,68,616
26-Mar-21,64,88,68,625
27-Mar-21,42,82,47,780
28-Mar-21,39,81,43,601
29-Mar-21,47,77,53,608
30-Mar-21,51,80,52,564
31-Mar-21,58,79,62,514
01-Apr-21,43,75,45,498
02-Apr-21,38,65,41,502
03-Apr-21,40,69,42,477
04-Apr-21,32,70,34,473
05-Apr-21,46,69,49,478
06-Apr-21,40,72,42,476
07-Apr-21,43,70,48,454
08-Apr-21,38,62,39,437
09-Apr-21,35,61,41,429
10-Apr-21,39,59,43,435
11-Apr-21,51,62,52,391
12-Apr-21,35,55,37,399
13-Apr-21,30,54,35,366
14-Apr-21,36,52,40,348
15-Apr-21,19,48,25,338
16-Apr-21,15,49,20,314
17-Apr-21,29,43,32,282
18-Apr-21,19,42,20,273
19-Apr-21,34,45,36,295
20-Apr-21,21,41,25,270
21-Apr-21,17,34,18,253
22-Apr-21,8,35,8,243
23-Apr-21,21,32,27,222
24-Apr-21,17,31,21,208
25-Apr-21,17,26,19,213
26-Apr-21,16,28,17,219
27-Apr-21,24,27,26,194
28-Apr-21,11,23,13,194
29-Apr-21,21,18,21,180
30-Apr-21,18,20,20,170
01-May-21,11,21,12,167
02-May-21,25,22,26,168
03-May-21,20,23,21,167
04-May-21,17,22,18,171
05-May-21,14,24,15,160
06-May-21,26,23,26,156
07-May-21,14,20,14,160
08-May-21,16,22,18,155
09-May-21,11,22,11,151
10-May-21,8,23,8,146
11-May-21,10,20,13,140
12-May-21,25,20,25,149
13-May-21,9,17,9,132
14-May-21,14,19,16,129
15-May-21,10,19,10,126
16-May-21,6,20,7,116
17-May-21,10,19,11,110
18-May-21,6,19,7,108
19-May-21,20,19,21,112
20-May-21,10,20,11,104
21-May-21,11,19,14,107
22-May-21,17,19,17,94
23-May-21,13,18,15,105
24-May-21,14,17,15,108
25-May-21,11,19,11,98
26-May-21,13,16,13,94
27-May-21,10,18,11,92
28-May-21,16,17,16,96
29-May-21,10,14,11,97
30-May-21,12,13,12,101
31-May-21,22,12,22,98
01-Jun-21,16,12,17,92
02-Jun-21,12,13,13,101
03-Jun-21,10,15,12,96
04-Jun-21,14,14,15,90
05-Jun-21,7,13,7,80
06-Jun-21,15,14,16,84
07-Jun-21,24,15,25,98
08-Jun-21,17,14,18,101
09-Jun-21,23,13,23,99
10-Jun-21,17,13,18,99
11-Jun-21,19,12,20,101
12-Jun-21,12,14,12,106
13-Jun-21,29,15,32,98
14-Jun-21,25,17,25,111
15-Jun-21,20,18,21,126
16-Jun-21,34,18,34,124
17-Jun-21,37,19,40,129
18-Jun-21,39,21,39,149
19-Jun-21,25,20,28,163
20-Jun-21,34,27,35,185
21-Jun-21,36,22,36,175
22-Jun-21,36,29,40,187
23-Jun-21,40,24,42,177
24-Jun-21,34,25,38,182
25-Jun-21,33,26,36,183
26-Jun-21,56,25,56,185
27-Jun-21,45,24,48,196
28-Jun-21,38,29,40,217
29-Jun-21,67,30,70,215
30-Jun-21,62,29,64,222
01-Jul-21,53,34,53,254
02-Jul-21,52,39,55,252
03-Jul-21,78,47,82,262
04-Jul-21,99,46,102,286
05-Jul-21,92,49,95,322
06-Jul-21,104,55,107,376
07-Jul-21,106,66,111,420
08-Jul-21,119,64,121,442
09-Jul-21,112,65,113,473
10-Jul-21,99,72,103,511
11-Jul-21,124,75,127,543
12-Jul-21,133,74,142,592
13-Jul-21,145,84,150,643
14-Jul-21,174,85,183,657
15-Jul-21,149,82,154,704
16-Jul-21,152,91,157,732
17-Jul-21,133,97,141,771
18-Jul-21,157,98,164,815
19-Jul-21,189,102,197,850
20-Jul-21,193,99,205,884
21-Jul-21,208,105,215,927
22-Jul-21,198,109,205,943
23-Jul-21,178,122,188,"1,026"
24-Jul-21,153,135,161,"1,050"
25-Jul-21,211,139,220,"1,069"
26-Jul-21,169,148,178,"1,152"
27-Jul-21,204,156,212,"1,168"
28-Jul-21,162,156,170,"1,137"
29-Jul-21,141,159,154,"1,134"
30-Jul-21,118,159,125,"1,111"
31-Jul-21,142,158,149,"1,112"
01-Aug-21,123,143,132,"1,117"
02-Aug-21,139,142,144,"1,146"
03-Aug-21,169,140,178,"1,097"
04-Aug-21,157,141,168,"1,055"
05-Aug-21,146,139,156,"1,065"
06-Aug-21,127,127,134,"1,020"
07-Aug-21,147,128,156,"1,011"
08-Aug-21,138,131,144,"1,029"
09-Aug-21,147,133,153,"1,063"
10-Aug-21,185,137,191,"1,027"
11-Aug-21,159,130,168,"1,048"
12-Aug-21,128,135,139,"1,040"
13-Aug-21,119,136,124,"1,027"
14-Aug-21,144,134,151,954
15-Aug-21,152,137,158,971
16-Aug-21,136,137,144,"1,088"
17-Aug-21,162,143,166,"1,090"
18-Aug-21,128,128,138,"1,082"
19-Aug-21,166,134,176,"1,067"
20-Aug-21,147,142,159,"1,047"
21-Aug-21,147,144,155,"1,064"
22-Aug-21,140,146,146,"1,100"
23-Aug-21,158,146,170,"1,135"
24-Aug-21,142,146,149,"1,131"
25-Aug-21,152,147,158,"1,111"
26-Aug-21,150,147,159,"1,108"
27-Aug-21,129,139,139,"1,090"
28-Aug-21,129,133,134,"1,076"
29-Aug-21,123,134,126,"1,078"
30-Aug-21,144,133,152,"1,104"
31-Aug-21,148,133,159,"1,158"
01-Sep-21,152,135,160,"1,154"
02-Sep-21,131,142,140,"1,136"
03-Sep-21,148,148,156,"1,139"
04-Sep-21,183,140,192,"1,127"
05-Sep-21,150,141,158,"1,163"
06-Sep-21,149,147,157,"1,213"
07-Sep-21,156,151,163,"1,195"
08-Sep-21,148,156,156,"1,189"
09-Sep-21,139,155,150,"1,210"
10-Sep-21,138,162,147,"1,200"
11-Sep-21,139,152,148,"1,186"
12-Sep-21,135,152,140,"1,206"
13-Sep-21,152,157,162,"1,221"
14-Sep-21,143,160,152,"1,201"
15-Sep-21,133,176,147,"1,279"
16-Sep-21,136,156,142,"1,163"
17-Sep-21,115,150,120,"1,146"
18-Sep-21,127,152,132,"1,130"
19-Sep-21,136,143,146,"1,147"
20-Sep-21,130,132,139,"1,156"
21-Sep-21,117,133,123,"1,129"
22-Sep-21,123,138,126,"1,120"
23-Sep-21,116,136,125,"1,075"
24-Sep-21,123,124,137,"1,003"
25-Sep-21,122,136,130,"1,161"
26-Sep-21,122,130,129,"1,063"
27-Sep-21,117,130,126,"1,129"
28-Sep-21,142,135,150,"1,087"
29-Sep-21,133,133,143,"1,055"
30-Sep-21,119,127,125,"1,055"
01-Oct-21,89,125,97,3
02-Oct-21,122,123,130,5
03-Oct-21,134,129,141,5
04-Oct-21,120,125,129,3
05-Oct-21,160,126,166,11
06-Oct-21,136,125,141,9
07-Oct-21,127,131,133,4
08-Oct-21,140,133,144,10
09-Oct-21,138,131,146,2
10-Oct-21,124,117,130,3
11-Oct-21,128,121,131,5
12-Oct-21,161,123,166,17
13-Oct-21,165,123,175,6
14-Oct-21,154,128,160,10
15-Oct-21,137,124,143,6
16-Oct-21,144,125,151,7
17-Oct-21,153,119,161,3
18-Oct-21,214,118,223,13
19-Oct-21,159,133,166,4
20-Oct-21,185,130,194,4
21-Oct-21,171,127,180,4
22-Oct-21,132,129,137,2
23-Oct-21,150,138,154,3
24-Oct-21,161,140,173,7
25-Oct-21,161,145,164,9
26-Oct-21,190,150,197,4
27-Oct-21,220,154,226,9
28-Oct-21,175,148,179,4
29-Oct-21,164,146,172,6
30-Oct-21,124,144,129,1
31-Oct-21,172,147,183,12
01-Nov-21,156,152,166,11
02-Nov-21,158,141,167,8
03-Nov-21,126,137,135,1
04-Nov-21,114,142,122,2
05-Nov-21,118,138,127,2
06-Nov-21,129,133,132,6
07-Nov-21,121,131,124,2
08-Nov-21,145,137,155,10
09-Nov-21,150,138,152,7
10-Nov-21,143,129,148,5
11-Nov-21,125,127,135,2
12-Nov-21,127,123,144,2
13-Nov-21,116,118,124,4
14-Nov-21,123,124,125,4
15-Nov-21,108,125,117,3
16-Nov-21,112,127,120,5
17-Nov-21,106,127,111,2
18-Nov-21,118,126,126,6
19-Nov-21,104,123,111,4
20-Nov-21,112,122,116,2
21-Nov-21,119,126,127,6
22-Nov-21,86,126,89,2
23-Nov-21,108,125,113,3
24-Nov-21,112,123,118,4
25-Nov-21,86,128,95,3
26-Nov-21,78,127,83,1
27-Nov-21,94,127,98,3
28-Nov-21,87,131,89,2
29-Nov-21,95,130,100,1
30-Nov-21,96,137,104,4
01-Dec-21,92,124,96,2
02-Dec-21,92,125,97,3
03-Dec-21,82,120,89,4
04-Dec-21,77,111,80,5
05-Dec-21,96,110,97,2
06-Dec-21,94,112,100,3
07-Dec-21,99,108,105,1
08-Dec-21,98,105,102,3
09-Dec-21,95,111,104,1
10-Dec-21,83,109,91,1
11-Dec-21,84,106,92,4
12-Dec-21,73,103,79,0
13-Dec-21,106,102,114,4
14-Dec-21,109,103,112,4
15-Dec-21,104,104,108,2
16-Dec-21,80,104,83,0
17-Dec-21,68,103,80,1
18-Dec-21,78,100,84,3
19-Dec-21,106,100,109,3
20-Dec-21,122,100,138,6
21-Dec-21,108,97,114,2
22-Dec-21,123,103,129,3
23-Dec-21,147,94,160,2
24-Dec-21,139,87,144,9
25-Dec-21,143,91,146,9
26-Dec-21,149,88,157,9
27-Dec-21,233,75,244,5
28-Dec-21,372,79,384,24
29-Dec-21,352,73,363,15
30-Dec-21,302,81,309,15
31-Dec-21,324,84,336,20
01-Jan-22,286,84,289,13
02-Jan-22,307,87,316,20
03-Jan-22,363,83,374,16
04-Jan-22,403,87,418,28
05-Jan-22,355,93,369,25
06-Jan-22,394,92,421,19
07-Jan-22,317,90,331,17
08-Jan-22,344,87,372,20
09-Jan-22,340,90,365,23
10-Jan-22,428,91,456,24
11-Jan-22,381,85,401,24
12-Jan-22,357,79,385,29
13-Jan-22,368,85,395,21
14-Jan-22,301,83,325,18
15-Jan-22,314,74,335,20
16-Jan-22,334,78,346,26
17-Jan-22,350,83,373,31
18-Jan-22,376,86,402,29
19-Jan-22,315,94,340,28
20-Jan-22,307,88,332,24
21-Jan-22,260,85,282,21
22-Jan-22,252,87,267,13
23-Jan-22,290,77,302,18
24-Jan-22,284,75,302,23
25-Jan-22,299,70,319,29
26-Jan-22,332,63,356,22
27-Jan-22,278,60,296,23
28-Jan-22,246,58,259,20
29-Jan-22,234,62,247,28
30-Jan-22,242,63,255,18
31-Jan-22,237,63,264,27
01-Feb-22,230,60,251,21
02-Feb-22,238,57,260,23
03-Feb-22,207,58,225,11
04-Feb-22,175,60,196,13
05-Feb-22,170,61,181,10
06-Feb-22,183,55,192,11
07-Feb-22,192,49,203,12
08-Feb-22,211,49,238,21
09-Feb-22,206,48,224,17
10-Feb-22,166,44,187,10
11-Feb-22,126,46,137,4
12-Feb-22,161,43,169,8
13-Feb-22,145,45,158,13
14-Feb-22,155,50,170,13
15-Feb-22,175,44,203,20
16-Feb-22,176,44,188,12
17-Feb-22,134,40,144,16
18-Feb-22,142,43,154,11
19-Feb-22,105,41,114,12
20-Feb-22,133,41,142,12
21-Feb-22,138,44,146,9
22-Feb-22,137,42,154,7
23-Feb-22,118,41,125,12
24-Feb-22,146,42,148,8
25-Feb-22,136,36,145,10
26-Feb-22,130,31,141,12
27-Feb-22,122,32,126,9
28-Feb-22,184,31,193,10
01-Mar-22,137,31,148,12
02-Mar-22,150,39,157,10
03-Mar-22,150,30,165,8
04-Mar-22,123,31,129,8
05-Mar-22,123,34,131,11
06-Mar-22,143,29,147,13
07-Mar-22,137,30,145,8
08-Mar-22,185,34,191,6
09-Mar-22,191,35,201,11
10-Mar-22,206,30,218,13
11-Mar-22,212,30,227,15
12-Mar-22,203,24,207,11
13-Mar-22,244,26,249,12
14-Mar-22,246,25,260,12
15-Mar-22,253,27,261,17
16-Mar-22,256,23,266,11
17-Mar-22,216,24,226,14
18-Mar-22,232,22,253,12
19-Mar-22,253,25,258,13
20-Mar-22,294,24,300,15
21-Mar-22,343,23,359,14
22-Mar-22,286,31,303,21
23-Mar-22,339,32,353,13
24-Mar-22,304,41,317,15
25-Mar-22,319,39,329,27
26-Mar-22,262,40,274,17
27-Mar-22,337,36,347,22
28-Mar-22,404,37,424,18
29-Mar-22,361,42,384,16
30-Mar-22,368,43,391,25
31-Mar-22,374,47,395,24
01-Apr-22,294,43,319,"2,634"
02-Apr-22,311,44,327,"2,656"
03-Apr-22,317,40,333,"2,679"
04-Apr-22,309,42,334,"2,783"
05-Apr-22,343,45,368,"2,777"
06-Apr-22,309,41,331,"2,797"
07-Apr-22,313,43,332,"2,731"
08-Apr-22,240,41,256,"2,682"
09-Apr-22,243,41,263,"2,580"
10-Apr-22,285,42,298,"2,556"
11-Apr-22,307,39,323,"2,643"
12-Apr-22,345,43,371,"2,621"
13-Apr-22,291,37,311,"2,431"
14-Apr-22,257,39,279,"2,379"
15-Apr-22,258,44,273,"2,338"
16-Apr-22,216,45,231,"2,329"
17-Apr-22,217,39,234,"2,265"
18-Apr-22,249,43,261,"2,454"
19-Apr-22,264,40,283,"2,398"
20-Apr-22,209,35,229,"2,307"
21-Apr-22,238,33,253,"2,231"
22-Apr-22,186,31,206,"2,168"
23-Apr-22,192,37,202,"2,079"
24-Apr-22,160,37,175,"2,092"
25-Apr-22,203,38,212,"2,067"
26-Apr-22,169,42,186,"1,950"
27-Apr-22,178,36,196,"1,880"
28-Apr-22,148,29,157,"1,767"
29-Apr-22,160,29,170,"1,680"
30-Apr-22,109,34,118,"1,619"
01-May-22,115,34,125,"1,581"
02-May-22,125,32,135,"1,586"
03-May-22,142,27,149,"1,543"
04-May-22,145,31,160,"1,486"
05-May-22,131,35,148,"1,468"
06-May-22,128,28,143,"1,376"
07-May-22,83,21,93,"1,315"
08-May-22,134,24,142,"1,309"
09-May-22,122,25,134,"1,303"
10-May-22,113,24,124,"1,261"
11-May-22,105,19,110,"1,225"
12-May-22,94,16,102,"1,152"
13-May-22,88,17,96,"1,061"
14-May-22,93,24,97,"1,124"
15-May-22,96,22,101,"1,114"
16-May-22,78,18,83,"1,031"
17-May-22,100,21,107,980
18-May-22,123,16,127,905
19-May-22,93,18,102,880
20-May-22,64,19,74,869
21-May-22,63,18,72,848
22-May-22,65,20,67,852
23-May-22,71,15,76,834
24-May-22,64,14,71,792
25-May-22,69,15,75,743
26-May-22,71,12,79,710
27-May-22,54,14,61,694
28-May-22,51,13,54,658
29-May-22,65,13,74,676
30-May-22,79,12,85,656
31-May-22,68,12,74,640
01-Jun-22,74,13,82,634
02-Jun-22,65,12,70,624
03-Jun-22,63,13,71,615
04-Jun-22,70,14,72,632
05-Jun-22,87,16,92,640
06-Jun-22,107,18,110,647
07-Jun-22,89,16,95,674
08-Jun-22,118,18,124,680
09-Jun-22,95,17,101,688
10-Jun-22,74,14,84,710
11-Jun-22,98,15,99,680
12-Jun-22,119,9,121,680
13-Jun-22,110,7,117,720
14-Jun-22,121,9,124,769
15-Jun-22,124,9,130,782
16-Jun-22,107,9,111,812
17-Jun-22,135,8,141,810
18-Jun-22,116,10,127,831
19-Jun-22,145,11,149,866
20-Jun-22,172,14,179,922
21-Jun-22,171,11,172,958
22-Jun-22,168,13,177,968
23-Jun-22,197,14,204,"1,001"
24-Jun-22,189,12,199,"1,066"
25-Jun-22,170,18,179,"1,068"
26-Jun-22,208,18,212,"1,185"
27-Jun-22,211,21,217,"1,227"
28-Jun-22,212,22,220,"1,284"
29-Jun-22,220,21,226,"1,330"
30-Jun-22,233,27,243,"1,380"
01-Jul-22,202,33,213,"1,468"
02-Jul-22,217,32,226,"1,466"
03-Jul-22,265,29,272,"1,504"
04-Jul-22,284,30,302,"1,601"
05-Jul-22,299,31,318,"1,657"
06-Jul-22,276,33,288,"1,706"
07-Jul-22,282,27,303,"1,753"
08-Jul-22,234,23,252,"1,807"
09-Jul-22,213,29,220,"1,864"
10-Jul-22,300,27,307,"1,868"
11-Jul-22,267,25,283,"1,965"
12-Jul-22,325,30,341,"2,026"
13-Jul-22,286,33,304,"2,047"
14-Jul-22,283,35,303,"2,048"
15-Jul-22,232,34,255,"2,060"
16-Jul-22,227,44,238,"2,066"
17-Jul-22,255,37,262,"2,146"
18-Jul-22,282,35,301,"2,191"
19-Jul-22,316,36,332,"2,177"
20-Jul-22,267,34,272,"2,143"
21-Jul-22,219,37,234,"2,144"
22-Jul-22,178,38,189,"2,113"
23-Jul-22,171,42,185,"2,041"
24-Jul-22,232,45,239,"2,057"
25-Jul-22,211,44,233,"2,041"
26-Jul-22,233,37,242,"1,998"
27-Jul-22,176,36,184,"1,927"
28-Jul-22,167,33,184,"1,815"
29-Jul-22,157,37,164,"1,777"
30-Jul-22,150,32,155,"1,808"
31-Jul-22,175,28,183,"1,770"
01-Aug-22,196,27,212,"1,665"
02-Aug-22,166,29,174,"1,610"
03-Aug-22,157,27,170,"1,558"
04-Aug-22,186,23,198,"1,485"
05-Aug-22,129,25,142,"1,405"
06-Aug-22,111,25,116,"1,365"
07-Aug-22,156,23,162,"1,344"
08-Aug-22,157,21,164,"1,369"
09-Aug-22,184,23,193,"1,317"
10-Aug-22,166,26,173,"1,323"
11-Aug-22,148,22,152,"1,317"
12-Aug-22,121,22,126,"1,273"
13-Aug-22,118,20,122,"1,226"
14-Aug-22,132,20,143,"1,269"
15-Aug-22,142,21,154,"1,267"
16-Aug-22,121,22,136,"1,233"
17-Aug-22,120,19,129,"1,219"
18-Aug-22,121,14,129,"1,193"
19-Aug-22,95,13,108,"1,125"
20-Aug-22,84,14,91,"1,063"
21-Aug-22,87,13,94,"1,043"
22-Aug-22,96,17,100,"1,079"
23-Aug-22,105,20,111,"1,005"
24-Aug-22,105,18,107,976
25-Aug-22,88,15,96,963
26-Aug-22,72,14,85,942
27-Aug-22,91,16,97,924
28-Aug-22,89,17,99,910
29-Aug-22,96,15,101,944
