areaType,areaName,areaCode,date,newDailyNsoDeathsByDeathDate,cumDailyNsoDeathsByDeathDate
nation,England,E92000001,2023-06-30,17,193469
nation,England,E92000001,2023-06-29,11,193452
nation,England,E92000001,2023-06-28,4,193441
nation,England,E92000001,2023-06-27,13,193437
nation,England,E92000001,2023-06-26,10,193424
nation,England,E92000001,2023-06-25,19,193414
nation,England,E92000001,2023-06-24,11,193395
nation,England,E92000001,2023-06-23,11,193384
nation,England,E92000001,2023-06-22,9,193373
nation,England,E92000001,2023-06-21,14,193364
nation,England,E92000001,2023-06-20,17,193350
nation,England,E92000001,2023-06-19,16,193333
nation,England,E92000001,2023-06-18,14,193317
nation,England,E92000001,2023-06-17,13,193303
nation,England,E92000001,2023-06-16,19,193290
nation,England,E92000001,2023-06-15,19,193271
nation,England,E92000001,2023-06-14,22,193252
nation,England,E92000001,2023-06-13,21,193230
nation,England,E92000001,2023-06-12,25,193209
nation,England,E92000001,2023-06-11,24,193184
nation,England,E92000001,2023-06-10,19,193160
nation,England,E92000001,2023-06-09,18,193141
nation,England,E92000001,2023-06-08,22,193123
nation,England,E92000001,2023-06-07,19,193101
nation,England,E92000001,2023-06-06,20,193082
nation,England,E92000001,2023-06-05,16,193062
nation,England,E92000001,2023-06-04,22,193046
nation,England,E92000001,2023-06-03,30,193024
nation,England,E92000001,2023-06-02,19,192994
nation,England,E92000001,2023-06-01,26,192975
nation,England,E92000001,2023-05-31,19,192949
nation,England,E92000001,2023-05-30,29,192930
nation,England,E92000001,2023-05-29,21,192901
nation,England,E92000001,2023-05-28,20,192880
nation,England,E92000001,2023-05-27,31,192860
nation,England,E92000001,2023-05-26,32,192829
nation,England,E92000001,2023-05-25,21,192797
nation,England,E92000001,2023-05-24,28,192776
nation,England,E92000001,2023-05-23,30,192748
nation,England,E92000001,2023-05-22,34,192718
nation,England,E92000001,2023-05-21,24,192684
nation,England,E92000001,2023-05-20,25,192660
nation,England,E92000001,2023-05-19,39,192635
nation,England,E92000001,2023-05-18,32,192596
nation,England,E92000001,2023-05-17,45,192564
nation,England,E92000001,2023-05-16,43,192519
nation,England,E92000001,2023-05-15,25,192476
nation,England,E92000001,2023-05-14,26,192451
nation,England,E92000001,2023-05-13,26,192425
nation,England,E92000001,2023-05-12,40,192399
nation,England,E92000001,2023-05-11,43,192359
nation,England,E92000001,2023-05-10,33,192316
nation,England,E92000001,2023-05-09,32,192283
nation,England,E92000001,2023-05-08,34,192251
nation,England,E92000001,2023-05-07,43,192217
nation,England,E92000001,2023-05-06,37,192174
nation,England,E92000001,2023-05-05,38,192137
nation,England,E92000001,2023-05-04,42,192099
nation,England,E92000001,2023-05-03,43,192057
nation,England,E92000001,2023-05-02,41,192014
nation,England,E92000001,2023-05-01,43,191973
nation,England,E92000001,2023-04-30,32,191930
nation,England,E92000001,2023-04-29,41,191898
nation,England,E92000001,2023-04-28,39,191857
nation,England,E92000001,2023-04-27,42,191818
nation,England,E92000001,2023-04-26,48,191776
nation,England,E92000001,2023-04-25,44,191728
nation,England,E92000001,2023-04-24,40,191684
nation,England,E92000001,2023-04-23,52,191644
nation,England,E92000001,2023-04-22,45,191592
nation,England,E92000001,2023-04-21,71,191547
nation,England,E92000001,2023-04-20,54,191476
nation,England,E92000001,2023-04-19,63,191422
nation,England,E92000001,2023-04-18,54,191359
nation,England,E92000001,2023-04-17,52,191305
nation,England,E92000001,2023-04-16,57,191253
nation,England,E92000001,2023-04-15,60,191196
nation,England,E92000001,2023-04-14,61,191136
nation,England,E92000001,2023-04-13,75,191075
nation,England,E92000001,2023-04-12,64,191000
nation,England,E92000001,2023-04-11,57,190936
nation,England,E92000001,2023-04-10,66,190879
nation,England,E92000001,2023-04-09,55,190813
nation,England,E92000001,2023-04-08,58,190758
nation,England,E92000001,2023-04-07,76,190700
nation,England,E92000001,2023-04-06,86,190624
nation,England,E92000001,2023-04-05,50,190538
nation,England,E92000001,2023-04-04,81,190488
nation,England,E92000001,2023-04-03,79,190407
nation,England,E92000001,2023-04-02,60,190328
nation,England,E92000001,2023-04-01,59,190268
nation,England,E92000001,2023-03-31,62,190209
nation,England,E92000001,2023-03-30,86,190147
nation,England,E92000001,2023-03-29,77,190061
nation,England,E92000001,2023-03-28,95,189984
nation,England,E92000001,2023-03-27,85,189889
nation,England,E92000001,2023-03-26,69,189804
nation,England,E92000001,2023-03-25,94,189735
nation,England,E92000001,2023-03-24,94,189641
nation,England,E92000001,2023-03-23,90,189547
nation,England,E92000001,2023-03-22,82,189457
nation,England,E92000001,2023-03-21,101,189375
nation,England,E92000001,2023-03-20,72,189274
nation,England,E92000001,2023-03-19,75,189202
nation,England,E92000001,2023-03-18,80,189127
nation,England,E92000001,2023-03-17,94,189047
nation,England,E92000001,2023-03-16,81,188953
nation,England,E92000001,2023-03-15,91,188872
nation,England,E92000001,2023-03-14,80,188781
nation,England,E92000001,2023-03-13,86,188701
nation,England,E92000001,2023-03-12,81,188615
nation,England,E92000001,2023-03-11,80,188534
nation,England,E92000001,2023-03-10,77,188454
nation,England,E92000001,2023-03-09,77,188377
nation,England,E92000001,2023-03-08,77,188300
nation,England,E92000001,2023-03-07,76,188223
nation,England,E92000001,2023-03-06,77,188147
nation,England,E92000001,2023-03-05,83,188070
nation,England,E92000001,2023-03-04,82,187987
nation,England,E92000001,2023-03-03,61,187905
nation,England,E92000001,2023-03-02,89,187844
nation,England,E92000001,2023-03-01,63,187755
nation,England,E92000001,2023-02-28,70,187692
nation,England,E92000001,2023-02-27,70,187622
nation,England,E92000001,2023-02-26,78,187552
nation,England,E92000001,2023-02-25,64,187474
nation,England,E92000001,2023-02-24,71,187410
nation,England,E92000001,2023-02-23,67,187339
nation,England,E92000001,2023-02-22,78,187272
nation,England,E92000001,2023-02-21,54,187194
nation,England,E92000001,2023-02-20,65,187140
nation,England,E92000001,2023-02-19,52,187075
nation,England,E92000001,2023-02-18,64,187023
nation,England,E92000001,2023-02-17,70,186959
nation,England,E92000001,2023-02-16,67,186889
nation,England,E92000001,2023-02-15,53,186822
nation,England,E92000001,2023-02-14,68,186769
nation,England,E92000001,2023-02-13,46,186701
nation,England,E92000001,2023-02-12,55,186655
nation,England,E92000001,2023-02-11,55,186600
nation,England,E92000001,2023-02-10,66,186545
nation,England,E92000001,2023-02-09,49,186479
nation,England,E92000001,2023-02-08,62,186430
nation,England,E92000001,2023-02-07,59,186368
nation,England,E92000001,2023-02-06,48,186309
nation,England,E92000001,2023-02-05,65,186261
nation,England,E92000001,2023-02-04,51,186196
nation,England,E92000001,2023-02-03,57,186145
nation,England,E92000001,2023-02-02,68,186088
nation,England,E92000001,2023-02-01,59,186020
nation,England,E92000001,2023-01-31,55,185961
nation,England,E92000001,2023-01-30,55,185906
nation,England,E92000001,2023-01-29,64,185851
nation,England,E92000001,2023-01-28,62,185787
nation,England,E92000001,2023-01-27,67,185725
nation,England,E92000001,2023-01-26,61,185658
nation,England,E92000001,2023-01-25,54,185597
nation,England,E92000001,2023-01-24,71,185543
nation,England,E92000001,2023-01-23,59,185472
nation,England,E92000001,2023-01-22,69,185413
nation,England,E92000001,2023-01-21,64,185344
nation,England,E92000001,2023-01-20,65,185280
nation,England,E92000001,2023-01-19,71,185215
nation,England,E92000001,2023-01-18,74,185144
nation,England,E92000001,2023-01-17,73,185070
nation,England,E92000001,2023-01-16,92,184997
nation,England,E92000001,2023-01-15,86,184905
nation,England,E92000001,2023-01-14,84,184819
nation,England,E92000001,2023-01-13,83,184735
nation,England,E92000001,2023-01-12,103,184652
nation,England,E92000001,2023-01-11,77,184549
nation,England,E92000001,2023-01-10,83,184472
nation,England,E92000001,2023-01-09,108,184389
nation,England,E92000001,2023-01-08,100,184281
nation,England,E92000001,2023-01-07,98,184181
nation,England,E92000001,2023-01-06,88,184083
nation,England,E92000001,2023-01-05,115,183995
nation,England,E92000001,2023-01-04,116,183880
nation,England,E92000001,2023-01-03,113,183764
nation,England,E92000001,2023-01-02,106,183651
nation,England,E92000001,2023-01-01,106,183545
nation,England,E92000001,2022-12-31,128,183439
nation,England,E92000001,2022-12-30,129,183311
nation,England,E92000001,2022-12-29,99,183182
nation,England,E92000001,2022-12-28,110,183083
nation,England,E92000001,2022-12-27,114,182973
nation,England,E92000001,2022-12-26,103,182859
nation,England,E92000001,2022-12-25,105,182756
nation,England,E92000001,2022-12-24,115,182651
nation,England,E92000001,2022-12-23,102,182536
nation,England,E92000001,2022-12-22,83,182434
nation,England,E92000001,2022-12-21,85,182351
nation,England,E92000001,2022-12-20,95,182266
nation,England,E92000001,2022-12-19,95,182171
nation,England,E92000001,2022-12-18,86,182076
nation,England,E92000001,2022-12-17,74,181990
nation,England,E92000001,2022-12-16,72,181916
nation,England,E92000001,2022-12-15,43,181844
nation,England,E92000001,2022-12-14,81,181801
nation,England,E92000001,2022-12-13,61,181720
nation,England,E92000001,2022-12-12,56,181659
nation,England,E92000001,2022-12-11,58,181603
nation,England,E92000001,2022-12-10,59,181545
nation,England,E92000001,2022-12-09,52,181486
nation,England,E92000001,2022-12-08,56,181434
nation,England,E92000001,2022-12-07,52,181378
nation,England,E92000001,2022-12-06,59,181326
nation,England,E92000001,2022-12-05,54,181267
nation,England,E92000001,2022-12-04,30,181213
nation,England,E92000001,2022-12-03,47,181183
nation,England,E92000001,2022-12-02,41,181136
nation,England,E92000001,2022-12-01,48,181095
nation,England,E92000001,2022-11-30,35,181047
nation,England,E92000001,2022-11-29,40,181012
nation,England,E92000001,2022-11-28,49,180972
nation,England,E92000001,2022-11-27,45,180923
nation,England,E92000001,2022-11-26,34,180878
nation,England,E92000001,2022-11-25,39,180844
nation,England,E92000001,2022-11-24,41,180805
nation,England,E92000001,2022-11-23,48,180764
nation,England,E92000001,2022-11-22,43,180716
nation,England,E92000001,2022-11-21,44,180673
nation,England,E92000001,2022-11-20,53,180629
nation,England,E92000001,2022-11-19,44,180576
nation,England,E92000001,2022-11-18,52,180532
nation,England,E92000001,2022-11-17,46,180480
nation,England,E92000001,2022-11-16,43,180434
nation,England,E92000001,2022-11-15,57,180391
nation,England,E92000001,2022-11-14,56,180334
nation,England,E92000001,2022-11-13,49,180278
nation,England,E92000001,2022-11-12,37,180229
nation,England,E92000001,2022-11-11,56,180192
nation,England,E92000001,2022-11-10,45,180136
nation,England,E92000001,2022-11-09,52,180091
nation,England,E92000001,2022-11-08,57,180039
nation,England,E92000001,2022-11-07,63,179982
nation,England,E92000001,2022-11-06,48,179919
nation,England,E92000001,2022-11-05,63,179871
nation,England,E92000001,2022-11-04,78,179808
nation,England,E92000001,2022-11-03,70,179730
nation,England,E92000001,2022-11-02,65,179660
nation,England,E92000001,2022-11-01,68,179595
nation,England,E92000001,2022-10-31,64,179527
nation,England,E92000001,2022-10-30,88,179463
nation,England,E92000001,2022-10-29,80,179375
nation,England,E92000001,2022-10-28,75,179295
nation,England,E92000001,2022-10-27,96,179220
nation,England,E92000001,2022-10-26,82,179124
nation,England,E92000001,2022-10-25,93,179042
nation,England,E92000001,2022-10-24,94,178949
nation,England,E92000001,2022-10-23,85,178855
nation,England,E92000001,2022-10-22,99,178770
nation,England,E92000001,2022-10-21,93,178671
nation,England,E92000001,2022-10-20,108,178578
nation,England,E92000001,2022-10-19,87,178470
nation,England,E92000001,2022-10-18,90,178383
nation,England,E92000001,2022-10-17,103,178293
nation,England,E92000001,2022-10-16,98,178190
nation,England,E92000001,2022-10-15,92,178092
nation,England,E92000001,2022-10-14,104,178000
nation,England,E92000001,2022-10-13,101,177896
nation,England,E92000001,2022-10-12,113,177795
nation,England,E92000001,2022-10-11,101,177682
nation,England,E92000001,2022-10-10,80,177581
nation,England,E92000001,2022-10-09,84,177501
nation,England,E92000001,2022-10-08,81,177417
nation,England,E92000001,2022-10-07,86,177336
nation,England,E92000001,2022-10-06,81,177250
nation,England,E92000001,2022-10-05,85,177169
nation,England,E92000001,2022-10-04,78,177084
nation,England,E92000001,2022-10-03,69,177006
nation,England,E92000001,2022-10-02,54,176937
nation,England,E92000001,2022-10-01,61,176883
nation,England,E92000001,2022-09-30,46,176822
nation,England,E92000001,2022-09-29,53,176776
nation,England,E92000001,2022-09-28,55,176723
nation,England,E92000001,2022-09-27,57,176668
nation,England,E92000001,2022-09-26,49,176611
nation,England,E92000001,2022-09-25,32,176562
nation,England,E92000001,2022-09-24,39,176530
nation,England,E92000001,2022-09-23,43,176491
nation,England,E92000001,2022-09-22,45,176448
nation,England,E92000001,2022-09-21,30,176403
nation,England,E92000001,2022-09-20,44,176373
nation,England,E92000001,2022-09-19,41,176329
nation,England,E92000001,2022-09-18,30,176288
nation,England,E92000001,2022-09-17,31,176258
nation,England,E92000001,2022-09-16,29,176227
nation,England,E92000001,2022-09-15,40,176198
nation,England,E92000001,2022-09-14,38,176158
nation,England,E92000001,2022-09-13,47,176120
nation,England,E92000001,2022-09-12,33,176073
nation,England,E92000001,2022-09-11,18,176040
nation,England,E92000001,2022-09-10,35,176022
nation,England,E92000001,2022-09-09,30,175987
nation,England,E92000001,2022-09-08,38,175957
nation,England,E92000001,2022-09-07,48,175919
nation,England,E92000001,2022-09-06,27,175871
nation,England,E92000001,2022-09-05,31,175844
nation,England,E92000001,2022-09-04,36,175813
nation,England,E92000001,2022-09-03,40,175777
nation,England,E92000001,2022-09-02,42,175737
nation,England,E92000001,2022-09-01,35,175695
nation,England,E92000001,2022-08-31,57,175660
nation,England,E92000001,2022-08-30,35,175603
nation,England,E92000001,2022-08-29,44,175568
nation,England,E92000001,2022-08-28,54,175524
nation,England,E92000001,2022-08-27,52,175470
nation,England,E92000001,2022-08-26,33,175418
nation,England,E92000001,2022-08-25,41,175385
nation,England,E92000001,2022-08-24,41,175344
nation,England,E92000001,2022-08-23,64,175303
nation,England,E92000001,2022-08-22,56,175239
nation,England,E92000001,2022-08-21,50,175183
nation,England,E92000001,2022-08-20,66,175133
nation,England,E92000001,2022-08-19,53,175067
nation,England,E92000001,2022-08-18,52,175014
nation,England,E92000001,2022-08-17,50,174962
nation,England,E92000001,2022-08-16,61,174912
nation,England,E92000001,2022-08-15,69,174851
nation,England,E92000001,2022-08-14,68,174782
nation,England,E92000001,2022-08-13,77,174714
nation,England,E92000001,2022-08-12,95,174637
nation,England,E92000001,2022-08-11,86,174542
nation,England,E92000001,2022-08-10,63,174456
nation,England,E92000001,2022-08-09,75,174393
nation,England,E92000001,2022-08-08,79,174318
nation,England,E92000001,2022-08-07,87,174239
nation,England,E92000001,2022-08-06,56,174152
nation,England,E92000001,2022-08-05,69,174096
nation,England,E92000001,2022-08-04,70,174027
nation,England,E92000001,2022-08-03,98,173957
nation,England,E92000001,2022-08-02,86,173859
nation,England,E92000001,2022-08-01,75,173773
nation,England,E92000001,2022-07-31,80,173698
nation,England,E92000001,2022-07-30,65,173618
nation,England,E92000001,2022-07-29,100,173553
nation,England,E92000001,2022-07-28,104,173453
nation,England,E92000001,2022-07-27,99,173349
nation,England,E92000001,2022-07-26,95,173250
nation,England,E92000001,2022-07-25,92,173155
nation,England,E92000001,2022-07-24,106,173063
nation,England,E92000001,2022-07-23,101,172957
nation,England,E92000001,2022-07-22,88,172856
nation,England,E92000001,2022-07-21,103,172768
nation,England,E92000001,2022-07-20,172,172665
nation,England,E92000001,2022-07-19,192,172493
nation,England,E92000001,2022-07-18,99,172301
nation,England,E92000001,2022-07-17,133,172202
nation,England,E92000001,2022-07-16,99,172069
nation,England,E92000001,2022-07-15,91,171970
nation,England,E92000001,2022-07-14,100,171879
nation,England,E92000001,2022-07-13,110,171779
nation,England,E92000001,2022-07-12,120,171669
nation,England,E92000001,2022-07-11,100,171549
nation,England,E92000001,2022-07-10,87,171449
nation,England,E92000001,2022-07-09,90,171362
nation,England,E92000001,2022-07-08,84,171272
nation,England,E92000001,2022-07-07,84,171188
nation,England,E92000001,2022-07-06,89,171104
nation,England,E92000001,2022-07-05,83,171015
nation,England,E92000001,2022-07-04,72,170932
nation,England,E92000001,2022-07-03,53,170860
nation,England,E92000001,2022-07-02,67,170807
nation,England,E92000001,2022-07-01,62,170740
nation,England,E92000001,2022-06-30,53,170678
nation,England,E92000001,2022-06-29,66,170625
nation,England,E92000001,2022-06-28,49,170559
nation,England,E92000001,2022-06-27,45,170510
nation,England,E92000001,2022-06-26,57,170465
nation,England,E92000001,2022-06-25,56,170408
nation,England,E92000001,2022-06-24,36,170352
nation,England,E92000001,2022-06-23,44,170316
nation,England,E92000001,2022-06-22,57,170272
nation,England,E92000001,2022-06-21,39,170215
nation,England,E92000001,2022-06-20,41,170176
nation,England,E92000001,2022-06-19,36,170135
nation,England,E92000001,2022-06-18,35,170099
nation,England,E92000001,2022-06-17,35,170064
nation,England,E92000001,2022-06-16,41,170029
nation,England,E92000001,2022-06-15,39,169988
nation,England,E92000001,2022-06-14,27,169949
nation,England,E92000001,2022-06-13,28,169922
nation,England,E92000001,2022-06-12,34,169894
nation,England,E92000001,2022-06-11,27,169860
nation,England,E92000001,2022-06-10,31,169833
nation,England,E92000001,2022-06-09,18,169802
nation,England,E92000001,2022-06-08,31,169784
nation,England,E92000001,2022-06-07,27,169753
nation,England,E92000001,2022-06-06,38,169726
nation,England,E92000001,2022-06-05,23,169688
nation,England,E92000001,2022-06-04,33,169665
nation,England,E92000001,2022-06-03,22,169632
nation,England,E92000001,2022-06-02,37,169610
nation,England,E92000001,2022-06-01,23,169573
nation,England,E92000001,2022-05-31,42,169550
nation,England,E92000001,2022-05-30,42,169508
nation,England,E92000001,2022-05-29,24,169466
nation,England,E92000001,2022-05-28,30,169442
nation,England,E92000001,2022-05-27,39,169412
nation,England,E92000001,2022-05-26,40,169373
nation,England,E92000001,2022-05-25,26,169333
nation,England,E92000001,2022-05-24,39,169307
nation,England,E92000001,2022-05-23,52,169268
nation,England,E92000001,2022-05-22,44,169216
nation,England,E92000001,2022-05-21,36,169172
nation,England,E92000001,2022-05-20,55,169136
nation,England,E92000001,2022-05-19,27,169081
nation,England,E92000001,2022-05-18,38,169054
nation,England,E92000001,2022-05-17,55,169016
nation,England,E92000001,2022-05-16,52,168961
nation,England,E92000001,2022-05-15,61,168909
nation,England,E92000001,2022-05-14,54,168848
nation,England,E92000001,2022-05-13,66,168794
nation,England,E92000001,2022-05-12,55,168728
nation,England,E92000001,2022-05-11,57,168673
nation,England,E92000001,2022-05-10,87,168616
nation,England,E92000001,2022-05-09,73,168529
nation,England,E92000001,2022-05-08,74,168456
nation,England,E92000001,2022-05-07,83,168382
nation,England,E92000001,2022-05-06,90,168299
nation,England,E92000001,2022-05-05,72,168209
nation,England,E92000001,2022-05-04,79,168137
nation,England,E92000001,2022-05-03,84,168058
nation,England,E92000001,2022-05-02,91,167974
nation,England,E92000001,2022-05-01,101,167883
nation,England,E92000001,2022-04-30,91,167782
nation,England,E92000001,2022-04-29,81,167691
nation,England,E92000001,2022-04-28,110,167610
nation,England,E92000001,2022-04-27,117,167500
nation,England,E92000001,2022-04-26,95,167383
nation,England,E92000001,2022-04-25,106,167288
nation,England,E92000001,2022-04-24,105,167182
nation,England,E92000001,2022-04-23,124,167077
nation,England,E92000001,2022-04-22,127,166953
nation,England,E92000001,2022-04-21,133,166826
nation,England,E92000001,2022-04-20,137,166693
nation,England,E92000001,2022-04-19,128,166556
nation,England,E92000001,2022-04-18,146,166428
nation,England,E92000001,2022-04-17,135,166282
nation,England,E92000001,2022-04-16,140,166147
nation,England,E92000001,2022-04-15,145,166007
nation,England,E92000001,2022-04-14,161,165862
nation,England,E92000001,2022-04-13,184,165701
nation,England,E92000001,2022-04-12,161,165517
nation,England,E92000001,2022-04-11,159,165356
nation,England,E92000001,2022-04-10,160,165197
nation,England,E92000001,2022-04-09,148,165037
nation,England,E92000001,2022-04-08,196,164889
nation,England,E92000001,2022-04-07,188,164693
nation,England,E92000001,2022-04-06,163,164505
nation,England,E92000001,2022-04-05,160,164342
nation,England,E92000001,2022-04-04,143,164182
nation,England,E92000001,2022-04-03,154,164039
nation,England,E92000001,2022-04-02,169,163885
nation,England,E92000001,2022-04-01,162,163716
nation,England,E92000001,2022-03-31,153,163554
nation,England,E92000001,2022-03-30,149,163401
nation,England,E92000001,2022-03-29,155,163252
nation,England,E92000001,2022-03-28,136,163097
nation,England,E92000001,2022-03-27,126,162961
nation,England,E92000001,2022-03-26,129,162835
nation,England,E92000001,2022-03-25,137,162706
nation,England,E92000001,2022-03-24,118,162569
nation,England,E92000001,2022-03-23,122,162451
nation,England,E92000001,2022-03-22,123,162329
nation,England,E92000001,2022-03-21,122,162206
nation,England,E92000001,2022-03-20,128,162084
nation,England,E92000001,2022-03-19,121,161956
nation,England,E92000001,2022-03-18,121,161835
nation,England,E92000001,2022-03-17,105,161714
nation,England,E92000001,2022-03-16,107,161609
nation,England,E92000001,2022-03-15,100,161502
nation,England,E92000001,2022-03-14,115,161402
nation,England,E92000001,2022-03-13,81,161287
nation,England,E92000001,2022-03-12,101,161206
nation,England,E92000001,2022-03-11,97,161105
nation,England,E92000001,2022-03-10,91,161008
nation,England,E92000001,2022-03-09,88,160917
nation,England,E92000001,2022-03-08,100,160829
nation,England,E92000001,2022-03-07,91,160729
nation,England,E92000001,2022-03-06,64,160638
nation,England,E92000001,2022-03-05,81,160574
nation,England,E92000001,2022-03-04,85,160493
nation,England,E92000001,2022-03-03,83,160408
nation,England,E92000001,2022-03-02,108,160325
nation,England,E92000001,2022-03-01,82,160217
nation,England,E92000001,2022-02-28,82,160135
nation,England,E92000001,2022-02-27,92,160053
nation,England,E92000001,2022-02-26,81,159961
nation,England,E92000001,2022-02-25,90,159880
nation,England,E92000001,2022-02-24,95,159790
nation,England,E92000001,2022-02-23,91,159695
nation,England,E92000001,2022-02-22,92,159604
nation,England,E92000001,2022-02-21,94,159512
nation,England,E92000001,2022-02-20,105,159418
nation,England,E92000001,2022-02-19,97,159313
nation,England,E92000001,2022-02-18,101,159216
nation,England,E92000001,2022-02-17,104,159115
nation,England,E92000001,2022-02-16,110,159011
nation,England,E92000001,2022-02-15,103,158901
nation,England,E92000001,2022-02-14,131,158798
nation,England,E92000001,2022-02-13,110,158667
nation,England,E92000001,2022-02-12,127,158557
nation,England,E92000001,2022-02-11,121,158430
nation,England,E92000001,2022-02-10,106,158309
nation,England,E92000001,2022-02-09,118,158203
nation,England,E92000001,2022-02-08,135,158085
nation,England,E92000001,2022-02-07,124,157950
nation,England,E92000001,2022-02-06,132,157826
nation,England,E92000001,2022-02-05,152,157694
nation,England,E92000001,2022-02-04,144,157542
nation,England,E92000001,2022-02-03,163,157398
nation,England,E92000001,2022-02-02,164,157235
nation,England,E92000001,2022-02-01,170,157071
nation,England,E92000001,2022-01-31,178,156901
nation,England,E92000001,2022-01-30,169,156723
nation,England,E92000001,2022-01-29,160,156554
nation,England,E92000001,2022-01-28,163,156394
nation,England,E92000001,2022-01-27,179,156231
nation,England,E92000001,2022-01-26,175,156052
nation,England,E92000001,2022-01-25,156,155877
nation,England,E92000001,2022-01-24,204,155721
nation,England,E92000001,2022-01-23,181,155517
nation,England,E92000001,2022-01-22,195,155336
nation,England,E92000001,2022-01-21,213,155141
nation,England,E92000001,2022-01-20,166,154928
nation,England,E92000001,2022-01-19,180,154762
nation,England,E92000001,2022-01-18,202,154582
nation,England,E92000001,2022-01-17,197,154380
nation,England,E92000001,2022-01-16,211,154183
nation,England,E92000001,2022-01-15,211,153972
nation,England,E92000001,2022-01-14,203,153761
nation,England,E92000001,2022-01-13,191,153558
nation,England,E92000001,2022-01-12,199,153367
nation,England,E92000001,2022-01-11,202,153168
nation,England,E92000001,2022-01-10,201,152966
nation,England,E92000001,2022-01-09,200,152765
nation,England,E92000001,2022-01-08,188,152565
nation,England,E92000001,2022-01-07,206,152377
nation,England,E92000001,2022-01-06,184,152171
nation,England,E92000001,2022-01-05,160,151987
nation,England,E92000001,2022-01-04,158,151827
nation,England,E92000001,2022-01-03,153,151669
nation,England,E92000001,2022-01-02,143,151516
nation,England,E92000001,2022-01-01,152,151373
nation,England,E92000001,2021-12-31,133,151221
nation,England,E92000001,2021-12-30,156,151088
nation,England,E92000001,2021-12-29,107,150932
nation,England,E92000001,2021-12-28,136,150825
nation,England,E92000001,2021-12-27,115,150689
nation,England,E92000001,2021-12-26,101,150574
nation,England,E92000001,2021-12-25,97,150473
nation,England,E92000001,2021-12-24,104,150376
nation,England,E92000001,2021-12-23,124,150272
nation,England,E92000001,2021-12-22,123,150148
nation,England,E92000001,2021-12-21,92,150025
nation,England,E92000001,2021-12-20,111,149933
nation,England,E92000001,2021-12-19,102,149822
nation,England,E92000001,2021-12-18,92,149720
nation,England,E92000001,2021-12-17,114,149628
nation,England,E92000001,2021-12-16,98,149514
nation,England,E92000001,2021-12-15,99,149416
nation,England,E92000001,2021-12-14,124,149317
nation,England,E92000001,2021-12-13,95,149193
nation,England,E92000001,2021-12-12,121,149098
nation,England,E92000001,2021-12-11,86,148977
nation,England,E92000001,2021-12-10,98,148891
nation,England,E92000001,2021-12-09,107,148793
nation,England,E92000001,2021-12-08,111,148686
nation,England,E92000001,2021-12-07,99,148575
nation,England,E92000001,2021-12-06,111,148476
nation,England,E92000001,2021-12-05,95,148365
nation,England,E92000001,2021-12-04,129,148270
nation,England,E92000001,2021-12-03,123,148141
nation,England,E92000001,2021-12-02,94,148018
nation,England,E92000001,2021-12-01,107,147924
nation,England,E92000001,2021-11-30,109,147817
nation,England,E92000001,2021-11-29,117,147708
nation,England,E92000001,2021-11-28,104,147591
nation,England,E92000001,2021-11-27,97,147487
nation,England,E92000001,2021-11-26,102,147390
nation,England,E92000001,2021-11-25,112,147288
nation,England,E92000001,2021-11-24,105,147176
nation,England,E92000001,2021-11-23,119,147071
nation,England,E92000001,2021-11-22,100,146952
nation,England,E92000001,2021-11-21,98,146852
nation,England,E92000001,2021-11-20,105,146754
nation,England,E92000001,2021-11-19,107,146649
nation,England,E92000001,2021-11-18,106,146542
nation,England,E92000001,2021-11-17,95,146436
nation,England,E92000001,2021-11-16,134,146341
nation,England,E92000001,2021-11-15,136,146207
nation,England,E92000001,2021-11-14,108,146071
nation,England,E92000001,2021-11-13,117,145963
nation,England,E92000001,2021-11-12,107,145846
nation,England,E92000001,2021-11-11,128,145739
nation,England,E92000001,2021-11-10,129,145611
nation,England,E92000001,2021-11-09,131,145482
nation,England,E92000001,2021-11-08,128,145351
nation,England,E92000001,2021-11-07,123,145223
nation,England,E92000001,2021-11-06,135,145100
nation,England,E92000001,2021-11-05,131,144965
nation,England,E92000001,2021-11-04,131,144834
nation,England,E92000001,2021-11-03,135,144703
nation,England,E92000001,2021-11-02,132,144568
nation,England,E92000001,2021-11-01,146,144436
nation,England,E92000001,2021-10-31,151,144290
nation,England,E92000001,2021-10-30,124,144139
nation,England,E92000001,2021-10-29,132,144015
nation,England,E92000001,2021-10-28,157,143883
nation,England,E92000001,2021-10-27,140,143726
nation,England,E92000001,2021-10-26,132,143586
nation,England,E92000001,2021-10-25,123,143454
nation,England,E92000001,2021-10-24,120,143331
nation,England,E92000001,2021-10-23,131,143211
nation,England,E92000001,2021-10-22,115,143080
nation,England,E92000001,2021-10-21,115,142965
nation,England,E92000001,2021-10-20,116,142850
nation,England,E92000001,2021-10-19,109,142734
nation,England,E92000001,2021-10-18,97,142625
nation,England,E92000001,2021-10-17,109,142528
nation,England,E92000001,2021-10-16,105,142419
nation,England,E92000001,2021-10-15,108,142314
nation,England,E92000001,2021-10-14,114,142206
nation,England,E92000001,2021-10-13,99,142092
nation,England,E92000001,2021-10-12,96,141993
nation,England,E92000001,2021-10-11,97,141897
nation,England,E92000001,2021-10-10,82,141800
nation,England,E92000001,2021-10-09,94,141718
nation,England,E92000001,2021-10-08,95,141624
nation,England,E92000001,2021-10-07,95,141529
nation,England,E92000001,2021-10-06,79,141434
nation,England,E92000001,2021-10-05,96,141355
nation,England,E92000001,2021-10-04,84,141259
nation,England,E92000001,2021-10-03,78,141175
nation,England,E92000001,2021-10-02,73,141097
nation,England,E92000001,2021-10-01,102,141024
nation,England,E92000001,2021-09-30,95,140922
nation,England,E92000001,2021-09-29,93,140827
nation,England,E92000001,2021-09-28,88,140734
nation,England,E92000001,2021-09-27,84,140646
nation,England,E92000001,2021-09-26,76,140562
nation,England,E92000001,2021-09-25,89,140486
nation,England,E92000001,2021-09-24,100,140397
nation,England,E92000001,2021-09-23,109,140297
nation,England,E92000001,2021-09-22,114,140188
nation,England,E92000001,2021-09-21,99,140074
nation,England,E92000001,2021-09-20,116,139975
nation,England,E92000001,2021-09-19,102,139859
nation,England,E92000001,2021-09-18,102,139757
nation,England,E92000001,2021-09-17,130,139655
nation,England,E92000001,2021-09-16,118,139525
nation,England,E92000001,2021-09-15,122,139407
nation,England,E92000001,2021-09-14,126,139285
nation,England,E92000001,2021-09-13,78,139159
nation,England,E92000001,2021-09-12,102,139081
nation,England,E92000001,2021-09-11,109,138979
nation,England,E92000001,2021-09-10,111,138870
nation,England,E92000001,2021-09-09,137,138759
nation,England,E92000001,2021-09-08,116,138622
nation,England,E92000001,2021-09-07,129,138506
nation,England,E92000001,2021-09-06,129,138377
nation,England,E92000001,2021-09-05,122,138248
nation,England,E92000001,2021-09-04,119,138126
nation,England,E92000001,2021-09-03,124,138007
nation,England,E92000001,2021-09-02,105,137883
nation,England,E92000001,2021-09-01,102,137778
nation,England,E92000001,2021-08-31,102,137676
nation,England,E92000001,2021-08-30,93,137574
nation,England,E92000001,2021-08-29,114,137481
nation,England,E92000001,2021-08-28,105,137367
nation,England,E92000001,2021-08-27,114,137262
nation,England,E92000001,2021-08-26,108,137148
nation,England,E92000001,2021-08-25,86,137040
nation,England,E92000001,2021-08-24,104,136954
nation,England,E92000001,2021-08-23,97,136850
nation,England,E92000001,2021-08-22,110,136753
nation,England,E92000001,2021-08-21,97,136643
nation,England,E92000001,2021-08-20,108,136546
nation,England,E92000001,2021-08-19,99,136438
nation,England,E92000001,2021-08-18,89,136339
nation,England,E92000001,2021-08-17,89,136250
nation,England,E92000001,2021-08-16,78,136161
nation,England,E92000001,2021-08-15,75,136083
nation,England,E92000001,2021-08-14,86,136008
nation,England,E92000001,2021-08-13,81,135922
nation,England,E92000001,2021-08-12,91,135841
nation,England,E92000001,2021-08-11,78,135750
nation,England,E92000001,2021-08-10,73,135672
nation,England,E92000001,2021-08-09,74,135599
nation,England,E92000001,2021-08-08,67,135525
nation,England,E92000001,2021-08-07,90,135458
nation,England,E92000001,2021-08-06,85,135368
nation,England,E92000001,2021-08-05,89,135283
nation,England,E92000001,2021-08-04,79,135194
nation,England,E92000001,2021-08-03,70,135115
nation,England,E92000001,2021-08-02,76,135045
nation,England,E92000001,2021-08-01,74,134969
nation,England,E92000001,2021-07-31,73,134895
nation,England,E92000001,2021-07-30,90,134822
nation,England,E92000001,2021-07-29,73,134732
nation,England,E92000001,2021-07-28,70,134659
nation,England,E92000001,2021-07-27,61,134589
nation,England,E92000001,2021-07-26,70,134528
nation,England,E92000001,2021-07-25,62,134458
nation,England,E92000001,2021-07-24,60,134396
nation,England,E92000001,2021-07-23,68,134336
nation,England,E92000001,2021-07-22,74,134268
nation,England,E92000001,2021-07-21,48,134194
nation,England,E92000001,2021-07-20,54,134146
nation,England,E92000001,2021-07-19,76,134092
nation,England,E92000001,2021-07-18,60,134016
nation,England,E92000001,2021-07-17,49,133956
nation,England,E92000001,2021-07-16,44,133907
nation,England,E92000001,2021-07-15,45,133863
nation,England,E92000001,2021-07-14,38,133818
nation,England,E92000001,2021-07-13,40,133780
nation,England,E92000001,2021-07-12,34,133740
nation,England,E92000001,2021-07-11,28,133706
nation,England,E92000001,2021-07-10,34,133678
nation,England,E92000001,2021-07-09,43,133644
nation,England,E92000001,2021-07-08,30,133601
nation,England,E92000001,2021-07-07,28,133571
nation,England,E92000001,2021-07-06,22,133543
nation,England,E92000001,2021-07-05,21,133521
nation,England,E92000001,2021-07-04,24,133500
nation,England,E92000001,2021-07-03,27,133476
nation,England,E92000001,2021-07-02,26,133449
nation,England,E92000001,2021-07-01,25,133423
nation,England,E92000001,2021-06-30,23,133398
nation,England,E92000001,2021-06-29,21,133375
nation,England,E92000001,2021-06-28,13,133354
nation,England,E92000001,2021-06-27,20,133341
nation,England,E92000001,2021-06-26,10,133321
nation,England,E92000001,2021-06-25,21,133311
nation,England,E92000001,2021-06-24,23,133290
nation,England,E92000001,2021-06-23,6,133267
nation,England,E92000001,2021-06-22,13,133261
nation,England,E92000001,2021-06-21,12,133248
nation,England,E92000001,2021-06-20,20,133236
nation,England,E92000001,2021-06-19,17,133216
nation,England,E92000001,2021-06-18,14,133199
nation,England,E92000001,2021-06-17,7,133185
nation,England,E92000001,2021-06-16,15,133178
nation,England,E92000001,2021-06-15,15,133163
nation,England,E92000001,2021-06-14,12,133148
nation,England,E92000001,2021-06-13,9,133136
nation,England,E92000001,2021-06-12,11,133127
nation,England,E92000001,2021-06-11,11,133116
nation,England,E92000001,2021-06-10,16,133105
nation,England,E92000001,2021-06-09,14,133089
nation,England,E92000001,2021-06-08,13,133075
nation,England,E92000001,2021-06-07,5,133062
nation,England,E92000001,2021-06-06,12,133057
nation,England,E92000001,2021-06-05,5,133045
nation,England,E92000001,2021-06-04,13,133040
nation,England,E92000001,2021-06-03,14,133027
nation,England,E92000001,2021-06-02,10,133013
nation,England,E92000001,2021-06-01,9,133003
nation,England,E92000001,2021-05-31,10,132994
nation,England,E92000001,2021-05-30,8,132984
nation,England,E92000001,2021-05-29,9,132976
nation,England,E92000001,2021-05-28,12,132967
nation,England,E92000001,2021-05-27,8,132955
nation,England,E92000001,2021-05-26,12,132947
nation,England,E92000001,2021-05-25,8,132935
nation,England,E92000001,2021-05-24,13,132927
nation,England,E92000001,2021-05-23,14,132914
nation,England,E92000001,2021-05-22,3,132900
nation,England,E92000001,2021-05-21,16,132897
nation,England,E92000001,2021-05-20,6,132881
nation,England,E92000001,2021-05-19,3,132875
nation,England,E92000001,2021-05-18,9,132872
nation,England,E92000001,2021-05-17,11,132863
nation,England,E92000001,2021-05-16,10,132852
nation,England,E92000001,2021-05-15,13,132842
nation,England,E92000001,2021-05-14,9,132829
nation,England,E92000001,2021-05-13,10,132820
nation,England,E92000001,2021-05-12,13,132810
nation,England,E92000001,2021-05-11,19,132797
nation,England,E92000001,2021-05-10,7,132778
nation,England,E92000001,2021-05-09,11,132771
nation,England,E92000001,2021-05-08,17,132760
nation,England,E92000001,2021-05-07,16,132743
nation,England,E92000001,2021-05-06,14,132727
nation,England,E92000001,2021-05-05,20,132713
nation,England,E92000001,2021-05-04,14,132693
nation,England,E92000001,2021-05-03,17,132679
nation,England,E92000001,2021-05-02,16,132662
nation,England,E92000001,2021-05-01,14,132646
nation,England,E92000001,2021-04-30,16,132632
nation,England,E92000001,2021-04-29,15,132616
nation,England,E92000001,2021-04-28,19,132601
nation,England,E92000001,2021-04-27,23,132582
nation,England,E92000001,2021-04-26,19,132559
nation,England,E92000001,2021-04-25,22,132540
nation,England,E92000001,2021-04-24,19,132518
nation,England,E92000001,2021-04-23,23,132499
nation,England,E92000001,2021-04-22,28,132476
nation,England,E92000001,2021-04-21,26,132448
nation,England,E92000001,2021-04-20,30,132422
nation,England,E92000001,2021-04-19,17,132392
nation,England,E92000001,2021-04-18,27,132375
nation,England,E92000001,2021-04-17,36,132348
nation,England,E92000001,2021-04-16,28,132312
nation,England,E92000001,2021-04-15,37,132284
nation,England,E92000001,2021-04-14,26,132247
nation,England,E92000001,2021-04-13,37,132221
nation,England,E92000001,2021-04-12,36,132184
nation,England,E92000001,2021-04-11,34,132148
nation,England,E92000001,2021-04-10,36,132114
nation,England,E92000001,2021-04-09,32,132078
nation,England,E92000001,2021-04-08,52,132046
nation,England,E92000001,2021-04-07,38,131994
nation,England,E92000001,2021-04-06,37,131956
nation,England,E92000001,2021-04-05,35,131919
nation,England,E92000001,2021-04-04,51,131884
nation,England,E92000001,2021-04-03,34,131833
nation,England,E92000001,2021-04-02,38,131799
nation,England,E92000001,2021-04-01,54,131761
nation,England,E92000001,2021-03-31,64,131707
nation,England,E92000001,2021-03-30,50,131643
nation,England,E92000001,2021-03-29,58,131593
nation,England,E92000001,2021-03-28,43,131535
nation,England,E92000001,2021-03-27,55,131492
nation,England,E92000001,2021-03-26,61,131437
nation,England,E92000001,2021-03-25,68,131376
nation,England,E92000001,2021-03-24,58,131308
nation,England,E92000001,2021-03-23,83,131250
nation,England,E92000001,2021-03-22,89,131167
nation,England,E92000001,2021-03-21,109,131078
nation,England,E92000001,2021-03-20,89,130969
nation,England,E92000001,2021-03-19,82,130880
nation,England,E92000001,2021-03-18,85,130798
nation,England,E92000001,2021-03-17,104,130713
nation,England,E92000001,2021-03-16,94,130609
nation,England,E92000001,2021-03-15,122,130515
nation,England,E92000001,2021-03-14,115,130393
nation,England,E92000001,2021-03-13,123,130278
nation,England,E92000001,2021-03-12,117,130155
nation,England,E92000001,2021-03-11,152,130038
nation,England,E92000001,2021-03-10,136,129886
nation,England,E92000001,2021-03-09,160,129750
nation,England,E92000001,2021-03-08,165,129590
nation,England,E92000001,2021-03-07,175,129425
nation,England,E92000001,2021-03-06,178,129250
nation,England,E92000001,2021-03-05,203,129072
nation,England,E92000001,2021-03-04,204,128869
nation,England,E92000001,2021-03-03,188,128665
nation,England,E92000001,2021-03-02,210,128477
nation,England,E92000001,2021-03-01,254,128267
nation,England,E92000001,2021-02-28,257,128013
nation,England,E92000001,2021-02-27,265,127756
nation,England,E92000001,2021-02-26,262,127491
nation,England,E92000001,2021-02-25,308,127229
nation,England,E92000001,2021-02-24,317,126921
nation,England,E92000001,2021-02-23,336,126604
nation,England,E92000001,2021-02-22,325,126268
nation,England,E92000001,2021-02-21,355,125943
nation,England,E92000001,2021-02-20,388,125588
nation,England,E92000001,2021-02-19,390,125200
nation,England,E92000001,2021-02-18,454,124810
nation,England,E92000001,2021-02-17,438,124356
nation,England,E92000001,2021-02-16,501,123918
nation,England,E92000001,2021-02-15,549,123417
nation,England,E92000001,2021-02-14,520,122868
nation,England,E92000001,2021-02-13,512,122348
nation,England,E92000001,2021-02-12,546,121836
nation,England,E92000001,2021-02-11,590,121290
nation,England,E92000001,2021-02-10,629,120700
nation,England,E92000001,2021-02-09,628,120071
nation,England,E92000001,2021-02-08,702,119443
nation,England,E92000001,2021-02-07,665,118741
nation,England,E92000001,2021-02-06,686,118076
nation,England,E92000001,2021-02-05,771,117390
nation,England,E92000001,2021-02-04,735,116619
nation,England,E92000001,2021-02-03,872,115884
nation,England,E92000001,2021-02-02,854,115012
nation,England,E92000001,2021-02-01,893,114158
nation,England,E92000001,2021-01-31,899,113265
nation,England,E92000001,2021-01-30,924,112366
nation,England,E92000001,2021-01-29,1008,111442
nation,England,E92000001,2021-01-28,1110,110434
nation,England,E92000001,2021-01-27,1108,109324
nation,England,E92000001,2021-01-26,1046,108216
nation,England,E92000001,2021-01-25,1150,107170
nation,England,E92000001,2021-01-24,1086,106020
nation,England,E92000001,2021-01-23,1148,104934
nation,England,E92000001,2021-01-22,1189,103786
nation,England,E92000001,2021-01-21,1204,102597
nation,England,E92000001,2021-01-20,1237,101393
nation,England,E92000001,2021-01-19,1328,100156
nation,England,E92000001,2021-01-18,1242,98828
nation,England,E92000001,2021-01-17,1229,97586
nation,England,E92000001,2021-01-16,1241,96357
nation,England,E92000001,2021-01-15,1162,95116
nation,England,E92000001,2021-01-14,1167,93954
nation,England,E92000001,2021-01-13,1161,92787
nation,England,E92000001,2021-01-12,1173,91626
nation,England,E92000001,2021-01-11,1076,90453
nation,England,E92000001,2021-01-10,1030,89377
nation,England,E92000001,2021-01-09,976,88347
nation,England,E92000001,2021-01-08,922,87371
nation,England,E92000001,2021-01-07,918,86449
nation,England,E92000001,2021-01-06,882,85531
nation,England,E92000001,2021-01-05,856,84649
nation,England,E92000001,2021-01-04,790,83793
nation,England,E92000001,2021-01-03,684,83003
nation,England,E92000001,2021-01-02,726,82319
nation,England,E92000001,2021-01-01,689,81593
nation,England,E92000001,2020-12-31,701,80904
nation,England,E92000001,2020-12-30,655,80203
nation,England,E92000001,2020-12-29,614,79548
nation,England,E92000001,2020-12-28,615,78934
nation,England,E92000001,2020-12-27,612,78319
nation,England,E92000001,2020-12-26,593,77707
nation,England,E92000001,2020-12-25,558,77114
nation,England,E92000001,2020-12-24,503,76556
nation,England,E92000001,2020-12-23,519,76053
nation,England,E92000001,2020-12-22,539,75534
nation,England,E92000001,2020-12-21,506,74995
nation,England,E92000001,2020-12-20,455,74489
nation,England,E92000001,2020-12-19,457,74034
nation,England,E92000001,2020-12-18,478,73577
nation,England,E92000001,2020-12-17,463,73099
nation,England,E92000001,2020-12-16,386,72636
nation,England,E92000001,2020-12-15,408,72250
nation,England,E92000001,2020-12-14,422,71842
nation,England,E92000001,2020-12-13,410,71420
nation,England,E92000001,2020-12-12,411,71010
nation,England,E92000001,2020-12-11,424,70599
nation,England,E92000001,2020-12-10,407,70175
nation,England,E92000001,2020-12-09,381,69768
nation,England,E92000001,2020-12-08,398,69387
nation,England,E92000001,2020-12-07,379,68989
nation,England,E92000001,2020-12-06,363,68610
nation,England,E92000001,2020-12-05,345,68247
nation,England,E92000001,2020-12-04,420,67902
nation,England,E92000001,2020-12-03,410,67482
nation,England,E92000001,2020-12-02,348,67072
nation,England,E92000001,2020-12-01,359,66724
nation,England,E92000001,2020-11-30,385,66365
nation,England,E92000001,2020-11-29,423,65980
nation,England,E92000001,2020-11-28,389,65557
nation,England,E92000001,2020-11-27,387,65168
nation,England,E92000001,2020-11-26,380,64781
nation,England,E92000001,2020-11-25,436,64401
nation,England,E92000001,2020-11-24,423,63965
nation,England,E92000001,2020-11-23,429,63542
nation,England,E92000001,2020-11-22,420,63113
nation,England,E92000001,2020-11-21,413,62693
nation,England,E92000001,2020-11-20,407,62280
nation,England,E92000001,2020-11-19,407,61873
nation,England,E92000001,2020-11-18,444,61466
nation,England,E92000001,2020-11-17,378,61022
nation,England,E92000001,2020-11-16,362,60644
nation,England,E92000001,2020-11-15,375,60282
nation,England,E92000001,2020-11-14,367,59907
nation,England,E92000001,2020-11-13,352,59540
nation,England,E92000001,2020-11-12,357,59188
nation,England,E92000001,2020-11-11,317,58831
nation,England,E92000001,2020-11-10,329,58514
nation,England,E92000001,2020-11-09,404,58185
nation,England,E92000001,2020-11-08,347,57781
nation,England,E92000001,2020-11-07,348,57434
nation,England,E92000001,2020-11-06,339,57086
nation,England,E92000001,2020-11-05,300,56747
nation,England,E92000001,2020-11-04,283,56447
nation,England,E92000001,2020-11-03,304,56164
nation,England,E92000001,2020-11-02,279,55860
nation,England,E92000001,2020-11-01,283,55581
nation,England,E92000001,2020-10-31,277,55298
nation,England,E92000001,2020-10-30,284,55021
nation,England,E92000001,2020-10-29,253,54737
nation,England,E92000001,2020-10-28,228,54484
nation,England,E92000001,2020-10-27,226,54256
nation,England,E92000001,2020-10-26,218,54030
nation,England,E92000001,2020-10-25,207,53812
nation,England,E92000001,2020-10-24,174,53605
nation,England,E92000001,2020-10-23,183,53431
nation,England,E92000001,2020-10-22,186,53248
nation,England,E92000001,2020-10-21,196,53062
nation,England,E92000001,2020-10-20,177,52866
nation,England,E92000001,2020-10-19,155,52689
nation,England,E92000001,2020-10-18,124,52534
nation,England,E92000001,2020-10-17,168,52410
nation,England,E92000001,2020-10-16,125,52242
nation,England,E92000001,2020-10-15,124,52117
nation,England,E92000001,2020-10-14,104,51993
nation,England,E92000001,2020-10-13,94,51889
nation,England,E92000001,2020-10-12,94,51795
nation,England,E92000001,2020-10-11,106,51701
nation,England,E92000001,2020-10-10,87,51595
nation,England,E92000001,2020-10-09,82,51508
nation,England,E92000001,2020-10-08,80,51426
nation,England,E92000001,2020-10-07,88,51346
nation,England,E92000001,2020-10-06,69,51258
nation,England,E92000001,2020-10-05,54,51189
nation,England,E92000001,2020-10-04,55,51135
nation,England,E92000001,2020-10-03,56,51080
nation,England,E92000001,2020-10-02,69,51024
nation,England,E92000001,2020-10-01,56,50955
nation,England,E92000001,2020-09-30,53,50899
nation,England,E92000001,2020-09-29,42,50846
nation,England,E92000001,2020-09-28,47,50804
nation,England,E92000001,2020-09-27,49,50757
nation,England,E92000001,2020-09-26,43,50708
nation,England,E92000001,2020-09-25,35,50665
nation,England,E92000001,2020-09-24,33,50630
nation,England,E92000001,2020-09-23,52,50597
nation,England,E92000001,2020-09-22,32,50545
nation,England,E92000001,2020-09-21,26,50513
nation,England,E92000001,2020-09-20,34,50487
nation,England,E92000001,2020-09-19,22,50453
nation,England,E92000001,2020-09-18,25,50431
nation,England,E92000001,2020-09-17,34,50406
nation,England,E92000001,2020-09-16,25,50372
nation,England,E92000001,2020-09-15,22,50347
nation,England,E92000001,2020-09-14,17,50325
nation,England,E92000001,2020-09-13,18,50308
nation,England,E92000001,2020-09-12,21,50290
nation,England,E92000001,2020-09-11,15,50269
nation,England,E92000001,2020-09-10,15,50254
nation,England,E92000001,2020-09-09,10,50239
nation,England,E92000001,2020-09-08,15,50229
nation,England,E92000001,2020-09-07,20,50214
nation,England,E92000001,2020-09-06,13,50194
nation,England,E92000001,2020-09-05,12,50181
nation,England,E92000001,2020-09-04,14,50169
nation,England,E92000001,2020-09-03,6,50155
nation,England,E92000001,2020-09-02,13,50149
nation,England,E92000001,2020-09-01,9,50136
nation,England,E92000001,2020-08-31,16,50127
nation,England,E92000001,2020-08-30,8,50111
nation,England,E92000001,2020-08-29,8,50103
nation,England,E92000001,2020-08-28,11,50095
nation,England,E92000001,2020-08-27,11,50084
nation,England,E92000001,2020-08-26,15,50073
nation,England,E92000001,2020-08-25,19,50058
nation,England,E92000001,2020-08-24,8,50039
nation,England,E92000001,2020-08-23,16,50031
nation,England,E92000001,2020-08-22,11,50015
nation,England,E92000001,2020-08-21,9,50004
nation,England,E92000001,2020-08-20,16,49995
nation,England,E92000001,2020-08-19,10,49979
nation,England,E92000001,2020-08-18,11,49969
nation,England,E92000001,2020-08-17,19,49958
nation,England,E92000001,2020-08-16,12,49939
nation,England,E92000001,2020-08-15,21,49927
nation,England,E92000001,2020-08-14,15,49906
nation,England,E92000001,2020-08-13,18,49891
nation,England,E92000001,2020-08-12,20,49873
nation,England,E92000001,2020-08-11,20,49853
nation,England,E92000001,2020-08-10,23,49833
nation,England,E92000001,2020-08-09,18,49810
nation,England,E92000001,2020-08-08,18,49792
nation,England,E92000001,2020-08-07,19,49774
nation,England,E92000001,2020-08-06,17,49755
nation,England,E92000001,2020-08-05,7,49738
nation,England,E92000001,2020-08-04,20,49731
nation,England,E92000001,2020-08-03,19,49711
nation,England,E92000001,2020-08-02,15,49692
nation,England,E92000001,2020-08-01,16,49677
nation,England,E92000001,2020-07-31,26,49661
nation,England,E92000001,2020-07-30,14,49635
nation,England,E92000001,2020-07-29,21,49621
nation,England,E92000001,2020-07-28,20,49600
nation,England,E92000001,2020-07-27,16,49580
nation,England,E92000001,2020-07-26,28,49564
nation,England,E92000001,2020-07-25,20,49536
nation,England,E92000001,2020-07-24,17,49516
nation,England,E92000001,2020-07-23,33,49499
nation,England,E92000001,2020-07-22,34,49466
nation,England,E92000001,2020-07-21,30,49432
nation,England,E92000001,2020-07-20,29,49402
nation,England,E92000001,2020-07-19,22,49373
nation,England,E92000001,2020-07-18,28,49351
nation,England,E92000001,2020-07-17,31,49323
nation,England,E92000001,2020-07-16,18,49292
nation,England,E92000001,2020-07-15,39,49274
nation,England,E92000001,2020-07-14,38,49235
nation,England,E92000001,2020-07-13,42,49197
nation,England,E92000001,2020-07-12,29,49155
nation,England,E92000001,2020-07-11,33,49126
nation,England,E92000001,2020-07-10,42,49093
nation,England,E92000001,2020-07-09,56,49051
nation,England,E92000001,2020-07-08,44,48995
nation,England,E92000001,2020-07-07,41,48951
nation,England,E92000001,2020-07-06,48,48910
nation,England,E92000001,2020-07-05,44,48862
nation,England,E92000001,2020-07-04,46,48818
nation,England,E92000001,2020-07-03,45,48772
nation,England,E92000001,2020-07-02,55,48727
nation,England,E92000001,2020-07-01,44,48672
nation,England,E92000001,2020-06-30,71,48628
nation,England,E92000001,2020-06-29,63,48557
nation,England,E92000001,2020-06-28,62,48494
nation,England,E92000001,2020-06-27,61,48432
nation,England,E92000001,2020-06-26,70,48371
nation,England,E92000001,2020-06-25,97,48301
nation,England,E92000001,2020-06-24,93,48204
nation,England,E92000001,2020-06-23,89,48111
nation,England,E92000001,2020-06-22,74,48022
nation,England,E92000001,2020-06-21,67,47948
nation,England,E92000001,2020-06-20,76,47881
nation,England,E92000001,2020-06-19,76,47805
nation,England,E92000001,2020-06-18,79,47729
nation,England,E92000001,2020-06-17,91,47650
nation,England,E92000001,2020-06-16,103,47559
nation,England,E92000001,2020-06-15,92,47456
nation,England,E92000001,2020-06-14,119,47364
nation,England,E92000001,2020-06-13,85,47245
nation,England,E92000001,2020-06-12,122,47160
nation,England,E92000001,2020-06-11,108,47038
nation,England,E92000001,2020-06-10,142,46930
nation,England,E92000001,2020-06-09,127,46788
nation,England,E92000001,2020-06-08,142,46661
nation,England,E92000001,2020-06-07,137,46519
nation,England,E92000001,2020-06-06,129,46382
nation,England,E92000001,2020-06-05,160,46253
nation,England,E92000001,2020-06-04,163,46093
nation,England,E92000001,2020-06-03,179,45930
nation,England,E92000001,2020-06-02,204,45751
nation,England,E92000001,2020-06-01,179,45547
nation,England,E92000001,2020-05-31,175,45368
nation,England,E92000001,2020-05-30,188,45193
nation,England,E92000001,2020-05-29,216,45005
nation,England,E92000001,2020-05-28,241,44789
nation,England,E92000001,2020-05-27,233,44548
nation,England,E92000001,2020-05-26,260,44315
nation,England,E92000001,2020-05-25,240,44055
nation,England,E92000001,2020-05-24,234,43815
nation,England,E92000001,2020-05-23,255,43581
nation,England,E92000001,2020-05-22,256,43326
nation,England,E92000001,2020-05-21,286,43070
nation,England,E92000001,2020-05-20,303,42784
nation,England,E92000001,2020-05-19,316,42481
nation,England,E92000001,2020-05-18,344,42165
nation,England,E92000001,2020-05-17,316,41821
nation,England,E92000001,2020-05-16,351,41505
nation,England,E92000001,2020-05-15,359,41154
nation,England,E92000001,2020-05-14,373,40795
nation,England,E92000001,2020-05-13,373,40422
nation,England,E92000001,2020-05-12,380,40049
nation,England,E92000001,2020-05-11,355,39669
nation,England,E92000001,2020-05-10,423,39314
nation,England,E92000001,2020-05-09,463,38891
nation,England,E92000001,2020-05-08,482,38428
nation,England,E92000001,2020-05-07,535,37946
nation,England,E92000001,2020-05-06,524,37411
nation,England,E92000001,2020-05-05,537,36887
nation,England,E92000001,2020-05-04,562,36350
nation,England,E92000001,2020-05-03,556,35788
nation,England,E92000001,2020-05-02,590,35232
nation,England,E92000001,2020-05-01,661,34642
nation,England,E92000001,2020-04-30,660,33981
nation,England,E92000001,2020-04-29,699,33321
nation,England,E92000001,2020-04-28,701,32622
nation,England,E92000001,2020-04-27,724,31921
nation,England,E92000001,2020-04-26,763,31197
nation,England,E92000001,2020-04-25,771,30434
nation,England,E92000001,2020-04-24,874,29663
nation,England,E92000001,2020-04-23,893,28789
nation,England,E92000001,2020-04-22,939,27896
nation,England,E92000001,2020-04-21,916,26957
nation,England,E92000001,2020-04-20,992,26041
nation,England,E92000001,2020-04-19,967,25049
nation,England,E92000001,2020-04-18,1030,24082
nation,England,E92000001,2020-04-17,1107,23052
nation,England,E92000001,2020-04-16,1147,21945
nation,England,E92000001,2020-04-15,1100,20798
nation,England,E92000001,2020-04-14,1080,19698
nation,England,E92000001,2020-04-13,1076,18618
nation,England,E92000001,2020-04-12,1208,17542
nation,England,E92000001,2020-04-11,1203,16334
nation,England,E92000001,2020-04-10,1163,15131
nation,England,E92000001,2020-04-09,1177,13968
nation,England,E92000001,2020-04-08,1286,12791
nation,England,E92000001,2020-04-07,1145,11505
nation,England,E92000001,2020-04-06,1025,10360
nation,England,E92000001,2020-04-05,1063,9335
nation,England,E92000001,2020-04-04,1023,8272
nation,England,E92000001,2020-04-03,927,7249
nation,England,E92000001,2020-04-02,892,6322
nation,England,E92000001,2020-04-01,826,5430
nation,England,E92000001,2020-03-31,741,4604
nation,England,E92000001,2020-03-30,631,3863
nation,England,E92000001,2020-03-29,531,3232
nation,England,E92000001,2020-03-28,449,2701
nation,England,E92000001,2020-03-27,416,2252
nation,England,E92000001,2020-03-26,370,1836
nation,England,E92000001,2020-03-25,299,1466
nation,England,E92000001,2020-03-24,237,1167
nation,England,E92000001,2020-03-23,188,930
nation,England,E92000001,2020-03-22,172,742
nation,England,E92000001,2020-03-21,126,570
nation,England,E92000001,2020-03-20,109,444
nation,England,E92000001,2020-03-19,71,335
nation,England,E92000001,2020-03-18,66,264
nation,England,E92000001,2020-03-17,54,198
nation,England,E92000001,2020-03-16,44,144
nation,England,E92000001,2020-03-15,28,100
nation,England,E92000001,2020-03-14,19,72
nation,England,E92000001,2020-03-13,16,53
nation,England,E92000001,2020-03-12,11,37
nation,England,E92000001,2020-03-11,7,26
nation,England,E92000001,2020-03-10,3,19
nation,England,E92000001,2020-03-09,5,16
nation,England,E92000001,2020-03-08,2,11
nation,England,E92000001,2020-03-07,0,9
nation,England,E92000001,2020-03-06,2,9
nation,England,E92000001,2020-03-05,2,7
nation,England,E92000001,2020-03-04,1,5
nation,England,E92000001,2020-03-03,0,4
nation,England,E92000001,2020-03-02,1,4
nation,England,E92000001,2020-03-01,0,3
nation,England,E92000001,2020-02-29,0,3
nation,England,E92000001,2020-02-28,0,3
nation,England,E92000001,2020-02-27,0,3
nation,England,E92000001,2020-02-26,0,3
nation,England,E92000001,2020-02-25,0,3
nation,England,E92000001,2020-02-24,0,3
nation,England,E92000001,2020-02-23,0,3
nation,England,E92000001,2020-02-22,1,3
nation,England,E92000001,2020-02-21,0,2
nation,England,E92000001,2020-02-20,0,2
nation,England,E92000001,2020-02-19,0,2
nation,England,E92000001,2020-02-18,0,2
nation,England,E92000001,2020-02-17,0,2
nation,England,E92000001,2020-02-16,0,2
nation,England,E92000001,2020-02-15,0,2
nation,England,E92000001,2020-02-14,0,2
nation,England,E92000001,2020-02-13,0,2
nation,England,E92000001,2020-02-12,0,2
nation,England,E92000001,2020-02-11,0,2
nation,England,E92000001,2020-02-10,0,2
nation,England,E92000001,2020-02-09,0,2
nation,England,E92000001,2020-02-08,0,2
nation,England,E92000001,2020-02-07,0,2
nation,England,E92000001,2020-02-06,0,2
nation,England,E92000001,2020-02-05,0,2
nation,England,E92000001,2020-02-04,0,2
nation,England,E92000001,2020-02-03,0,2
nation,England,E92000001,2020-02-02,1,2
nation,England,E92000001,2020-02-01,0,1
nation,England,E92000001,2020-01-31,0,1
nation,England,E92000001,2020-01-30,1,1
